Unnamed: 0,Source Data Set,Complex ID,PDB,Mutations,Ligand Chains,Receptor Chains,Ligand Name,Receptor Name,KD(M),Affinity Method,Structure Method,Temperature(K),Resolution(A),PDB PubMed ID,PDB Release Date,Affinity PubMed ID,Affinity Release Date,Subgroup
3,SKEMPI v2.0,"1AHW:A, B, C::PMID=9480775",1AHW,,"A, B",C,Immunoglobulin fab 5G9,Tissue factor,3.4e-09,IASP,X-RAY DIFFRACTION,298.0,3.0,9480775.0,25/02/1998,9480775,1998 Feb 6,OTHER
5,SKEMPI v2.0,"1AO7:A, B, C, D, E::PMID=23736024",1AO7,,"A, B, C","D, E",HLA-A2 plus tax peptide,A6 TCR,3.64e-06,SPR,X-RAY DIFFRACTION,298.0,2.6,8906788.0,17/09/1997,23736024,2013,TCR-pMHC
10,SKEMPI v2.0,"1BD2:A, B, C, D, E::PMID=23736024",1BD2,,"A, B, C","D, E",HLA-A2 plus tax peptide,B7 TCR,1.62e-06,SPR,X-RAY DIFFRACTION,298.0,2.5,9586631.0,19/08/1998,23736024,2013,TCR-pMHC
26,SKEMPI v2.0,"1DVF:A, B, C, D::PMID=8703938",1DVF,,"A, B","C, D",IgG1-kappa D1.3 Fv,E5.2 Fv,1.08e-08,SPR,X-RAY DIFFRACTION,298.0,1.9,8950273.0,17/08/1996,8703938,1996 Jul 30,OTHER
49,SKEMPI v2.0,"1JCK:A, B::PMID=9500785",1JCK,,A,B,Beta-chain of 14.3.d,Staphylococcal enterotoxin C3,3e-06,SPR,X-RAY DIFFRACTION,298.0,3.5,8906797.0,12/11/1997,9500785,1998 Mar 16,OTHER
51,SKEMPI v2.0,"1JTD:A, B::PMID=24947275",1JTD,,A,B,TEM-1 beta-lactamase,BLIP-II,1.5e-12,Other,X-RAY DIFFRACTION,296.0,2.3,11573088.0,03/10/2001,24947275,2014 Sep,OTHER
62,SKEMPI v2.0,"1LP9:A, B, C, E, F::PMID=17825839",1LP9,,"A, B, C","E, F",HLA-A2 plus P1049 peptide,AHIII TCR,9.3e-06,SPR,X-RAY DIFFRACTION,298.0,2.0,14563323.0,11/11/2003,17825839,2007 Oct 19,TCR-pMHC
66,SKEMPI v2.0,"1MI5:A, B, C, D, E::PMID=15640805",1MI5,,"A, B, C","D, E",HLA-B8 plus EB peptide,LC13 TCR,1.25e-05,SPR,X-RAY DIFFRACTION,298.0,2.5,12530975.0,04/02/2003,15640805,2005 Feb,TCR-pMHC
70,SKEMPI v2.0,"1N8Z:A, B, C::PMID=23527120",1N8Z,,"A, B",C,Herceptin,erbB-2,1.31e-09,SPR,X-RAY DIFFRACTION,298.0,2.52,12610629.0,18/02/2003,23527120,2013,OTHER
71,SKEMPI v2.0,"1NCA:H, L, N::PMID=9692956",1NCA,,N,"H, L",Subtype N9 neuraminidase,Antibody NC41 scFv,5e-08,FL,X-RAY DIFFRACTION,298.0,2.5,1381757.0,31/01/1994,9692956,1998 Jul 28,OTHER
72,SKEMPI v2.0,"1NMB:H, L, N::PMID=9579662",1NMB,,N,"H, L",Subtype N9 neuraminidase,Antibody NC10,4.55e-08,SPR,X-RAY DIFFRACTION,298.0,2.2,7994573.0,15/09/1995,9579662,1998 Jan,OTHER
73,SKEMPI v2.0,"1OGA:A, B, C, D, E::PMID=18275829",1OGA,,"A, B, C","D, E",HLA-A2 plus flu peptide,JM22 TCR,5.2e-06,SPR,X-RAY DIFFRACTION,298.0,1.4,12796775.0,19/06/2003,18275829,2008 Feb,TCR-pMHC
79,SKEMPI v2.0,"1QSE:A, B, C, D, E::PMID=10435578",1QSE,,"A, B, C","D, E",HLA-A2 plus tax peptide,A6 TCR,7.2e-06,SPR,X-RAY DIFFRACTION,298.0,2.8,10435578.0,21/12/1999,10435578,1999 Jul,TCR-pMHC
84,SKEMPI v2.0,"1SBB:A, B::PMID=9500785",1SBB,,A,B,Beta-chain of 14.3.d,Staphylococcal enterotoxin B,0.00014,SPR,X-RAY DIFFRACTION,298.0,2.4,9881971.0,01/03/1999,9500785,1998 Mar 16,OTHER
124,SKEMPI v2.0,"1YY9:A, C, D::PMID=24380763",1YY9,,"C, D",A,Cetuximab fab,Epidermal growth factor receptor,1.31e-09,SPR,X-RAY DIFFRACTION,298.0,2.6,15837620.0,26/04/2005,24380763,2014 Apr 3,OTHER
129,SKEMPI v2.0,"2AK4:A, B, C, D, E::PMID=22343629",2AK4,,"A, B, C","D, E",HLA-B35 plus LPEP viral peptide,SB27 TCR,1.87e-05,SPR,X-RAY DIFFRACTION,298.0,2.5,16186824.0,11/10/2005,22343629,2012 Apr 6,TCR-pMHC
131,SKEMPI v2.0,"2B0U:A, B, C::PMID=22052913",2B0U,,"A, B",C,Activin A,Follistatin,2e-11,SPR,X-RAY DIFFRACTION,298.0,2.8,16198295.0,11/10/2005,22052913,2012 Jan 6,OTHER
139,SKEMPI v2.0,"2BNQ:A, B, C, D, E::PMID=15837811",2BNQ,,"A, B, C","D, E",HLA-A2 plus NY-ESO peptide,1G4 TCR,5.7e-06,SPR,X-RAY DIFFRACTION,298.0,1.7,15837811.0,23/05/2005,15837811,2005 Apr 18,TCR-pMHC
140,SKEMPI v2.0,"2BNR:A, B, C, D, E::PMID=27734930",2BNR,,"A, B, C","D, E",HLA-A2 plus NY-ESO peptide,1G4 TCR,3.2e-06,SPR,X-RAY DIFFRACTION,298.0,1.9,15837811.0,23/05/2005,27734930,2016 Oct 13,TCR-pMHC
143,SKEMPI v2.0,"2C5D:A, B, C, D::PMID=16362042",2C5D,,"A, B","C, D",GAS6,Axl,5e-09,SPR,X-RAY DIFFRACTION,298.0,3.3,16362042.0,19/12/2005,16362042,2006 Jan 11,OTHER
160,SKEMPI v2.0,"2J8U:A, B, C, E, F::PMID=17825839",2J8U,,"A, B, C","E, F",HLA-A2 plus P1049 peptide,AHIII TCR,3.18e-05,SPR,X-RAY DIFFRACTION,298.0,2.88,17825839.0,16/10/2007,17825839,2007 Oct 19,TCR-pMHC
161,SKEMPI v2.0,"2JCC:A, B, C, E, F::PMID=17825839",2JCC,,"A, B, C","E, F",HLA-A2 plus P1049 peptide,AHIII TCR,1.54e-05,SPR,X-RAY DIFFRACTION,298.0,2.5,17825839.0,09/10/2007,17825839,2007 Oct 19,TCR-pMHC
169,SKEMPI v2.0,"2NY7:G, H, L::PMID=17301785",2NY7,,"H, L",G,b12 fab,gp120,3.64e-08,SPR,X-RAY DIFFRACTION,298.0,2.3,17301785.0,06/02/2007,17301785,2007 Feb 15,OTHER
170,SKEMPI v2.0,"2NYY:A, C, D::PMID=17173035",2NYY,,"C, D",A,AR2 mab,BoNT/A1,1.25e-10,Other,X-RAY DIFFRACTION,296.0,2.61,17173035.0,26/12/2006,17173035,2007 Jan,OTHER
171,SKEMPI v2.0,"2NZ9:A, C, D::PMID=17173035",2NZ9,,"C, D",A,AR2 mab,BoNT/A1,1.36e-10,Other,X-RAY DIFFRACTION,296.0,3.79,17173035.0,26/12/2006,17173035,2007 Jan,OTHER
175,SKEMPI v2.0,"2P5E:A, B, C, D, E::PMID=17644531",2P5E,,"A, B, C","D, E",HLA-A2 plus NY-ESO peptide,1G4 TCR,4.77e-11,SPR,X-RAY DIFFRACTION,298.0,1.89,17644531.0,25/09/2007,17644531,2007 Aug,TCR-pMHC
178,SKEMPI v2.0,"2PYE:A, B, C, D, E::PMID=17644531",2PYE,,"A, B, C","D, E",HLA-A2 plus NY-ESO peptide,1G4 TCR,8.15e-08,SPR,X-RAY DIFFRACTION,298.0,2.3,17644531.0,25/09/2007,17644531,2007 Aug,TCR-pMHC
186,SKEMPI v2.0,"2UWE:A, B, C, E, F::PMID=17825839",2UWE,,"A, B, C","E, F",HLA-A2 plus P1049 peptide,AHIII TCR,4.7e-06,SPR,X-RAY DIFFRACTION,298.0,2.4,17825839.0,25/09/2007,17825839,2007 Oct 19,TCR-pMHC
187,SKEMPI v2.0,"2VIR:A, B, C::PMID=9461077",2VIR,,"A, B",C,IgG1 lambda fab,Flu virus hemagglutinin,1e-09,SPR,X-RAY DIFFRACTION,298.0,3.25,9461077.0,29/04/1998,9461077,1998 Feb,OTHER
188,SKEMPI v2.0,"2VIS:A, B, C::PMID=9461077",2VIS,,"A, B",C,IgG1 lambda fab,Flu virus hemagglutinin,4e-06,SPR,X-RAY DIFFRACTION,298.0,3.25,9461077.0,29/04/1998,9461077,1998 Feb,OTHER
193,SKEMPI v2.0,"2VLR:A, B, C, D, E::PMID=18275829",2VLR,,"A, B, C","D, E",HLA-A2 plus flu peptide,JM22 TCR,4.9e-06,SPR,X-RAY DIFFRACTION,298.0,2.3,18275829.0,22/01/2008,18275829,2008 Feb,TCR-pMHC
197,SKEMPI v2.0,"3B4V:A, B, C::PMID=22052913",3B4V,,"A, B",C,Activin A,Follistatin-like 3,1.4e-10,SPR,X-RAY DIFFRACTION,298.0,2.48,18768470.0,02/09/2008,22052913,2012 Jan 6,OTHER
199,SKEMPI v2.0,"3BE1:A, H, L::PMID=19299620",3BE1,,"H, L",A,bH1 Fab,erbB-2,2.6e-08,SPR,X-RAY DIFFRACTION,298.0,2.9,19299620.0,18/11/2008,19299620,2009 Mar 20,OTHER
202,SKEMPI v2.0,"3BN9:B, C, D::PMID=17475279",3BN9,,B,"C, D",Membrane-type serine protease 1,E2 fab,1.23e-11,FL,X-RAY DIFFRACTION,298.0,2.17,18514224.0,09/09/2008,17475279,2007 Jun 15,OTHER
215,SKEMPI v2.0,"3C60:A, B, C, D::PMID=22101158",3C60,,"C, D","A, B",H2-A plus 3K peptide,YAe62 TCR,1.2e-05,SPR,X-RAY DIFFRACTION,298.0,3.05,18308592.0,29/04/2008,22101158,2011 Nov 23,TCR-pMHC
216,SKEMPI v2.0,"3D3V:A, B, C, D, E::PMID=23736024",3D3V,,"A, B, C","D, E",HLA-A2 plus tax peptide,A6 TCR,8.65e-07,SPR,X-RAY DIFFRACTION,298.0,2.8,19698083.0,16/06/2009,23736024,2013,TCR-pMHC
222,SKEMPI v2.0,"3F1S:A, B::PMID=25713144",3F1S,,A,B,Z-dependent protease inhibitor,Protein A/Z,2.1e-09,Other,X-RAY DIFFRACTION,298.0,2.3,19528533.0,30/06/2009,25713144,2015 Apr 10,OTHER
224,SKEMPI v2.0,"3H9S:A, B, C, D, E::PMID=20064447",3H9S,,"A, B, C","D, E",HLA-A2 plus Tel1- peptide,A6 TCR,4.1e-06,SPR,X-RAY DIFFRACTION,298.0,2.7,20064447.0,12/01/2010,20064447,2009 Dec 18,TCR-pMHC
226,SKEMPI v2.0,"3HG1:A, B, C, D, E::PMID=24196962",3HG1,,"A, B, C","D, E",HLA-A2 plus MART-1 peptide,MEL5 TCR,2.6e-05,SPR,X-RAY DIFFRACTION,298.0,3.0,19605354.0,28/07/2009,24196962,2014 Jan 10,TCR-pMHC
227,SKEMPI v2.0,"3HH2:A, B, C::PMID=22052913",3HH2,,"A, B",C,Myostatin,Follistatin,6.3e-09,SPR,X-RAY DIFFRACTION,298.0,2.15,19644449.0,04/08/2009,22052913,2012 Jan 6,OTHER
228,SKEMPI v2.0,"3IDX:G, H, L::PMID=17301785",3IDX,,"H, L",G,b13 fab,gp120,2.91e-07,SPR,X-RAY DIFFRACTION,298.0,2.5,19965434.0,17/11/2009,17301785,2007 Feb 15,OTHER
234,SKEMPI v2.0,"3LZF:A, B, H, L::PMID=23236279",3LZF,,"A, B","H, L",Hemagglutinin HA2,Antibody 2D1,2.5e-09,SP,X-RAY DIFFRACTION,298.0,2.8,20339031.0,07/04/2010,23236279,2012,OTHER
242,SKEMPI v2.0,"3N85:A, H, L::PMID=20654626",3N85,,A,"H, L",HER2,Fab37,7.9e-10,SPR,X-RAY DIFFRACTION,298.0,3.2,20654626.0,28/07/2010,20654626,2010 Sep 10,OTHER
245,SKEMPI v2.0,"3NGB:G, H, L::PMID=20616231",3NGB,,"H, L",G,VRC01 fab,gp120,5.76e-09,SPR,X-RAY DIFFRACTION,298.0,2.68,20616231.0,07/07/2010,20616231,2010 Aug 13,OTHER
246,SKEMPI v2.0,"3NPS:A, B, C::PMID=17475279",3NPS,,A,"B, C",Membrane-type serine protease 1,S4 fab,7.04e-11,FL,X-RAY DIFFRACTION,298.0,1.5,22154938.0,06/07/2011,17475279,2007 Jun 15,OTHER
247,SKEMPI v2.0,"3NVN:A, B::PMID=20727575",3NVN,,B,A,Plexin-C1,A39R,9.4e-09,ITC,X-RAY DIFFRACTION,303.0,2.26,20727575.0,15/09/2010,20727575,2010 Sep 3,OTHER
248,SKEMPI v2.0,"3NVQ:A, B::PMID=20727575",3NVQ,,B,A,Plexin-C1,Semaphorin-7A,2.87e-07,ITC,X-RAY DIFFRACTION,303.0,2.4,20727575.0,15/09/2010,20727575,2010 Sep 3,OTHER
249,SKEMPI v2.0,"3PWP:A, B, C, D, E::PMID=21282516",3PWP,,"A, B, C","D, E",HLA-A2 plus HuD peptide,A6 TCR,0.00014,SPR,X-RAY DIFFRACTION,298.0,2.69,21282516.0,09/03/2011,21282516,2011 Mar 1,TCR-pMHC
252,SKEMPI v2.0,"3QDG:A, B, C, D, E::PMID=24550723",3QDG,,"A, B, C","D, E",HLA-A2 plus MART-1 peptide,DMF5 TCR,9.5e-06,SPR,X-RAY DIFFRACTION,298.0,2.69,21795600.0,06/07/2011,24550723,2014 Feb,TCR-pMHC
253,SKEMPI v2.0,"3QDJ:A, B, C, D, E::PMID=24550723",3QDJ,,"A, B, C","D, E",HLA-A2 plus MART-1 derived peptide,DMF5 TCR,4.3e-05,SPR,X-RAY DIFFRACTION,298.0,2.3,21795600.0,06/07/2011,24550723,2014 Feb,TCR-pMHC
254,SKEMPI v2.0,"3QFJ:A, B, C, D, E::PMID=22019736",3QFJ,,"A, B, C","D, E",HLA-A2 plus tax peptide,A6 TCR,1.2e-06,ITC,X-RAY DIFFRACTION,277.0,2.29,22019736.0,11/01/2012,22019736,2011 Dec 2,TCR-pMHC
255,SKEMPI v2.0,"3QHY:A, B::PMID=23625930",3QHY,,A,B,B. anthracis beta-lactamase,BLIP-II,3e-13,IASP,X-RAY DIFFRACTION,298.0,2.06,21775426.0,20/07/2011,23625930,2013 Jun 14,OTHER
256,SKEMPI v2.0,"3QIB:A, B, C, D, P::PMID=21490152",3QIB,,"A, B, P","C, D",I-Ek plus MCC peptide,2B4 TCR,1.37e-05,SPR,X-RAY DIFFRACTION,298.0,2.7,21490152.0,27/04/2011,21490152,2011 May 15,TCR-pMHC
257,SKEMPI v2.0,"3R9A:A, B, C::PMID=22529745",3R9A,,"A, C",B,Alanine-glyoxylate aminotransferase,PEX5P,3.5e-06,ITC,X-RAY DIFFRACTION,298.0,2.35,22529745.0,11/05/2011,22529745,2012,OTHER
264,SKEMPI v2.0,"3SE8:G, H, L::PMID=27908641",3SE8,,"H, L",G,VRC03 Fab,gp120,6.3e-08,SPR,X-RAY DIFFRACTION,303.0,1.9,21835983.0,10/08/2011,27908641,2017 Apr 7,OTHER
265,SKEMPI v2.0,"3SE9:G, H, L::PMID=27908641",3SE9,,"H, L",G,VRC-PG04,gp120,2.5e-08,SPR,X-RAY DIFFRACTION,303.0,2.0,21835983.0,10/08/2011,27908641,2017 Apr 7,OTHER
271,SKEMPI v2.0,"3U82:A, B::PMID=25231300",3U82,,A,B,HSV-1 gD,Nectin-1,1.25e-08,SPR,X-RAY DIFFRACTION,298.0,3.16,22146396.0,21/03/2012,25231300,2014 Dec,OTHER
275,SKEMPI v2.0,"3VR6:A, B, C, D, E, F, G, H::PMID=24058539",3VR6,,"A, B, C, D, E, F","G, H",E. hirae V1-ATPase A3B3 complex,E. hirae V1-ATPase DF complex,1.6e-09,SPR,X-RAY DIFFRACTION,298.0,2.68,23334411.0,16/01/2013,24058539,2013,OTHER
276,SKEMPI v2.0,"3W2D:A, H, L::PMID=24423621",3W2D,,A,"H, L",Staphylococcal enterotoxin B,3E2 fab,5.79e-10,SPR,X-RAY DIFFRACTION,298.0,3.1,24423621.0,25/12/2013,24423621,2014 Jan-Feb,OTHER
284,SKEMPI v2.0,"4FTV:A, B, C, D, E::PMID=23736024",4FTV,,"A, B, C","D, E",HLA-A2 plus tax peptide,A6 TCR,1.87e-06,SPR,X-RAY DIFFRACTION,298.0,2.74,,03/07/2013,23736024,2013,TCR-pMHC
285,SKEMPI v2.0,"4FZA:A, B::PMID=23434407",4FZA,,A,B,MO25,MST4,9.12e-09,BLI,X-RAY DIFFRACTION,298.0,3.15,23434407.0,06/03/2013,23434407,2013 Mar 5,OTHER
288,SKEMPI v2.0,"4GNK:A, B::PMID=23377541",4GNK,,A,B,G(q) alpha,PLC beta 3,2.2e-07,FL,X-RAY DIFFRACTION,298.0,4.0,23377541.0,06/02/2013,23377541,2013 Mar,OTHER
290,SKEMPI v2.0,"4GXU:A, B, C, D, E, F, M, N::PMID=23236279",4GXU,,"A, B, C, D, E, F","M, N",Hemagglutinin HA2,Antibody 1F1,6.2e-09,SP,X-RAY DIFFRACTION,298.0,3.29,23236279.0,19/12/2012,23236279,2012,OTHER
293,SKEMPI v2.0,"4HSA:A, B, C::PMID=23695682",4HSA,,"A, B",C,Interleukin-17a,Interleukin-17 receptor A,2.46e-09,SPR,X-RAY DIFFRACTION,298.0,3.15,23695682.0,22/05/2013,23695682,2013,OTHER
296,SKEMPI v2.0,"4JEU:A, B::PMID=23858467",4JEU,,A,B,Munc18a,Syntaxin-1A,1.4e-09,ITC,X-RAY DIFFRACTION,298.0,3.2,23858467.0,17/07/2013,23858467,2013 Jul 30,OTHER
297,SKEMPI v2.0,"4JFD:A, B, C, D, E::PMID=23698002",4JFD,,"A, B, C","D, E",HLA-A2 plus MART-1 peptide,a24b17 TCR,3.6e-05,SPR,X-RAY DIFFRACTION,298.0,2.46,23698002.0,29/05/2013,23698002,2013 Jun 28,TCR-pMHC
298,SKEMPI v2.0,"4JFE:A, B, C, D, E::PMID=23698002",4JFE,,"A, B, C","D, E",HLA-A2 plus MART-1 peptide,a24b17 TCR,3.1e-05,SPR,X-RAY DIFFRACTION,298.0,2.7,23698002.0,29/05/2013,23698002,2013 Jun 28,TCR-pMHC
299,SKEMPI v2.0,"4JFF:A, B, C, D, E::PMID=23698002",4JFF,,"A, B, C","D, E",HLA-A2 plus MART-1 peptide,a24b17 TCR,6e-10,SPR,X-RAY DIFFRACTION,298.0,2.43,23698002.0,29/05/2013,23698002,2013 Jun 28,TCR-pMHC
300,SKEMPI v2.0,"4JGH:A, B, C, D::PMID=23897481",4JGH,,"A, B, C",D,SOCS2-Elongin BC complex,N-terminal fragment of Cullin5,2.81e-08,ITC,X-RAY DIFFRACTION,298.0,3.0,23897481.0,07/08/2013,23897481,2013 Aug,OTHER
302,SKEMPI v2.0,"4K71:A, B, C::PMID=24120761",4K71,,A,"B, C",Human Serum Albumin,FcRn,3e-09,ELISA,X-RAY DIFFRACTION,298.0,2.4,24120761.0,23/10/2013,24120761,2013 Nov 5,OTHER
307,SKEMPI v2.0,"4L3E:A, B, C, D, E::PMID=24550723",4L3E,,"A, B, C","D, E",HLA-A2 plus MART-1 peptide,DMF5 TCR,2.4e-08,SPR,X-RAY DIFFRACTION,298.0,2.56,24550723.0,11/06/2014,24550723,2014 Feb,TCR-pMHC
308,SKEMPI v2.0,"4LRX:A, B, C, D::PMID=24440518",4LRX,,"A, B","C, D",DhaK,DhaR(N),1.5e-05,ITC,X-RAY DIFFRACTION,293.0,3.25,24440518.0,29/01/2014,24440518,2014 Mar 4,OTHER
309,SKEMPI v2.0,"4MNQ:A, B, C, D, E::PMID=24196962",4MNQ,,"A, B, C","D, E",HLA-A2 plus telomerase peptide,ILA1 TCR,2e-09,SPR,X-RAY DIFFRACTION,298.0,2.74,24196962.0,13/11/2013,24196962,2014 Jan 10,TCR-pMHC
310,SKEMPI v2.0,"4MYW:A, B::PMID=25231300",4MYW,,A,B,HSV-2 gD,Nectin-1,1.91e-08,SPR,X-RAY DIFFRACTION,298.0,3.19,25231300.0,01/10/2014,25231300,2014 Dec,OTHER
313,SKEMPI v2.0,"4NM8:A, B, C, D, E, F, H, L::PMID=24335589",4NM8,,"A, B, C, D, E, F","H, L",1968 Hemagglutinin,CR8043 fab,2.5e-09,BLI,X-RAY DIFFRACTION,303.0,4.0,24335589.0,25/12/2013,24335589,2014 Jan 7,OTHER
314,SKEMPI v2.0,"4NZW:A, B::PMID=24746913",4NZW,,A,B,MO25,STK25,5.04e-07,BLI,X-RAY DIFFRACTION,298.0,3.58,24746913.0,03/12/2014,24746913,2014 May,OTHER
315,SKEMPI v2.0,"4O27:A, B::PMID=24746913",4O27,,A,B,MO25,MST3,2.5e-08,BLI,X-RAY DIFFRACTION,298.0,3.19,24746913.0,03/12/2014,24746913,2014 May,OTHER
316,SKEMPI v2.0,"4OFY:A, D::PMID=24485456",4OFY,,A,D,SYG-1 D1-D2,SYG-2 D1-D4,5.9e-07,SPR,X-RAY DIFFRACTION,298.0,3.3,24485456.0,19/02/2014,24485456,2014 Jan 30,OTHER
317,SKEMPI v2.0,"4OZG:A, B, G, H, J::PMID=24777060",4OZG,,"A, B, J","G, H",HLA-DQ plus gliadin-alpha2 peptide,D2 TCR,1.58e-05,SPR,X-RAY DIFFRACTION,293.0,3.0,24777060.0,16/04/2014,24777060,2014 May,TCR-pMHC
318,SKEMPI v2.0,"4P23:A, B, C, D::PMID=22101158",4P23,,"C, D","A, B",H2-A plus 3K peptide,J809.B5 TCR,6e-06,SPR,X-RAY DIFFRACTION,298.0,2.25,24813203.0,28/05/2014,22101158,2011 Nov 23,TCR-pMHC
319,SKEMPI v2.0,"4P5T:A, B, C, D::PMID=24813203",4P5T,,"C, D","A, B",H2-A plus 3K peptide,14.C6 TCR,6e-06,SPR,X-RAY DIFFRACTION,298.0,3.26,24813203.0,28/05/2014,24813203,2014 Jun 15,TCR-pMHC
320,SKEMPI v2.0,"4PWX:A, B, C, D::PMID=24727835",4PWX,,"A, B","C, D",GET3,GET4,5.4e-07,ITC,X-RAY DIFFRACTION,298.0,5.4,24727835.0,09/04/2014,24727835,2014 May,OTHER
327,SKEMPI v2.0,"4X4M:A, B, E::PMID=25561553",4X4M,,"A, B",E,IgG1 Fc,Fc gamma receptor 1,8.8e-09,SPR,X-RAY DIFFRACTION,298.0,3.48,25561553.0,08/04/2015,25561553,2015 Jan 20,OTHER
328,SKEMPI v2.0,"4Y61:A, B::PMID=25989451",4Y61,,A,B,PTP delta,Slitrk2 LRR1,3.56e-07,SPR,X-RAY DIFFRACTION,298.0,3.36,25989451.0,03/06/2015,25989451,2015 May 19,OTHER
329,SKEMPI v2.0,"4YEB:A, B::PMID=26235031",4YEB,,A,B,Latrophilin-3 OLF domain,FLRT3 LRR domain,1.69e-08,ITC,X-RAY DIFFRACTION,298.0,3.19,26235031.0,19/08/2015,26235031,2015 Sep 1,OTHER
330,SKEMPI v2.0,"4YFD:A, B::PMID=25908590",4YFD,,A,B,PTP delta,IL-1RAcP,6.8e-07,SPR,X-RAY DIFFRACTION,298.0,3.25,25908590.0,06/05/2015,25908590,2015 Apr 24,OTHER
331,SKEMPI v2.0,"4YH7:A, B::PMID=25908590",4YH7,,A,B,PTP delta,IL1RAPL1,1.5e-07,SPR,X-RAY DIFFRACTION,298.0,4.4,25908590.0,06/05/2015,25908590,2015 Apr 24,OTHER
332,SKEMPI v2.0,"4ZS6:A, H, L::PMID=26281793",4ZS6,,"H, L",A,MERS-27 fab,MERS-CoV envolope protein S,3.12e-07,SPR,X-RAY DIFFRACTION,298.0,3.17,26281793.0,02/09/2015,26281793,2015 Aug 18,OTHER
333,SKEMPI v2.0,"5C6T:A, H, L::PMID=26365435",5C6T,,"H, L",A,1G2 fab,HCMV glycoprotein B,1.3e-10,SPR,X-RAY DIFFRACTION,298.0,3.6,26365435.0,23/09/2015,26365435,2015 Sep 14,OTHER
334,SKEMPI v2.0,"5CXB:A, B::PMID=26476442",5CXB,,A,B,C. thermophilum YTM1,C. thermophilum ERB1,2.7e-09,BLI,X-RAY DIFFRACTION,298.0,2.1,26476442.0,04/11/2015,26476442,2015 Dec 15,OTHER
335,SKEMPI v2.0,"5CYK:A, B::PMID=26476442",5CYK,,A,B,C. thermophilum YTM1,C. thermophilum ERB1,2.49e-07,BLI,X-RAY DIFFRACTION,298.0,3.0,26476442.0,28/10/2015,26476442,2015 Dec 15,OTHER
336,SKEMPI v2.0,"5DWU:A, B, H, L::PMID=26651396",5DWU,,"H, L","A, B",CSL311 fab,Cytokine receptor common subunit beta,1e-10,SPR,X-RAY DIFFRACTION,310.0,3.97,26651396.0,30/12/2015,26651396,2016,OTHER
338,SKEMPI v2.0,"5E9D:A, B, C, D, E::PMID=27681597",5E9D,,"A, B, C","D, E",HLA-A2 plus MART-1 peptide,RD1-MART1 TCR,1.37e-07,FL,X-RAY DIFFRACTION,298.0,2.51,27238970.0,08/06/2016,27681597,2016 Nov 18,TCR-pMHC
339,SKEMPI v2.0,"5F4E:A, B::PMID=27309818",5F4E,,A,B,Sperm-egg fusion protein Izumo,Sperm-egg fusion protein Juno,5.9e-08,BLI,X-RAY DIFFRACTION,293.0,2.4,27309818.0,15/06/2016,27309818,2016 Jun 23,OTHER
4119,SKEMPI v2.0,"1QRN:A, B, C, D, E:C_A6P:PMID=10435578",1QRN,C_A6P,"A, B, C","D, E",HLA-A2 plus tax peptide,A6 TCR,9.1e-07,SPR,X-RAY DIFFRACTION,298.0,2.8,10435578.0,14/10/1999,10435578,1999 Jul,TCR-pMHC
4120,SKEMPI v2.0,"1QSF:A, B, C, D, E:C_A8Y:PMID=10435578",1QSF,C_A8Y,"A, B, C","D, E",HLA-A2 plus tax peptide,A6 TCR,9.1e-07,SPR,X-RAY DIFFRACTION,298.0,2.8,10435578.0,21/12/1999,10435578,1999 Jul,TCR-pMHC
7205,SAbDab,"1JPS:H, L, T::PMID=11307801",1JPS,,"H, L",T,antibody,tissue factor,1e-10,SPR,X-RAY DIFFRACTION,298.15,1.85,11601848.0,03/02/2002,11307801,03/08/2001,Antibody-Antigen
7209,SAbDab,"3FKU:G, H, U, u::PMID=19234466",3FKU,,"U, u","G, H",antibody,hemagglutinin | hemagglutinin,1.3e-10,SPR,X-RAY DIFFRACTION,298.15,3.2,19234466.0,24/02/2009,19234466,17/12/2008,Antibody-Antigen
7292,SAbDab,"3H42:A, B, H, L::PMID=19443683",3H42,,"H, L","A, B",antibody,proprotein convertase subtilisin/kexin type 9 | proprotein convertase subtilisin/kexin type 9,4e-12,Other,X-RAY DIFFRACTION,298.15,2.3,19443683.0,05/05/2009,19443683,17/04/2009,Antibody-Antigen
7323,SAbDab,"3T2N:A, H, L::PMID=22132769",3T2N,,"H, L",A,antibody,serine protease hepsin,3.98e-08,SPR,X-RAY DIFFRACTION,310.15,2.55,22132769.0,28/12/2011,22132769,22/07/2011,Antibody-Antigen
7350,SAbDab,"3LQA:C, G, H, L::PMID=20357769",3LQA,,"H, L","C, G",antibody,envelope glycoprotein gp160 | t-cell surface glycoprotein cd4,1.6e-06,SPR,X-RAY DIFFRACTION,298.15,3.4,20357769.0,07/04/2010,20357769,08/02/2010,Antibody-Antigen
7431,SAbDab,"2WUB:C, Q, R::PMID=20004165",2WUB,,"Q, R",C,antibody,hepatocyte growth factor activator long chain,1.5e-07,SPR,X-RAY DIFFRACTION,298.15,2.9,20004165.0,15/12/2009,20004165,01/10/2009,Antibody-Antigen
7606,SAbDab,"2R0L:A, H, L::PMID=18077410",2R0L,,"H, L",A,antibody,hepatocyte growth factor activator,1.46e-08,SPR,X-RAY DIFFRACTION,298.15,2.2,18077410.0,25/12/2007,18077410,20/08/2007,Antibody-Antigen
7615,SAbDab,"1QFU:A, H, L::PMID=10360354",1QFU,,"H, L",A,antibody,protein (hemagglutinin (ha1 chain)),3e-09,SPR,X-RAY DIFFRACTION,295.15,2.8,10360354.0,16/04/1999,10360354,14/04/1999,Antibody-Antigen
7642,SAbDab,"3P11:A, H, L::PMID=22014573",3P11,,"H, L",A,antibody,receptor tyrosine-protein kinase erbb-3,2.55e-09,SPR,X-RAY DIFFRACTION,310.15,3.7,22014573.0,26/10/2011,22014573,29/09/2010,Antibody-Antigen
7646,SAbDab,"2XTJ:A, B, D::PMID=20959675",2XTJ,,"B, D",A,antibody,proprotein convertase subtilisin/kexin type 9,4.4e-09,SPR,X-RAY DIFFRACTION,298.15,2.7,20959675.0,03/11/2010,20959675,10/10/2010,Antibody-Antigen
7667,SAbDab,"2WUC:A, H, L::PMID=20004165",2WUC,,"H, L",A,antibody,hepatocyte growth factor activator long chain,1.61e-07,SPR,X-RAY DIFFRACTION,298.15,2.7,20004165.0,15/12/2009,20004165,01/10/2009,Antibody-Antigen
7678,SAbDab,"2XRA:A, H, L::PMID=21124990",2XRA,,"H, L",A,antibody,transmembrane protein gp41,3.3e-09,SPR,X-RAY DIFFRACTION,298.15,2.3,21124990.0,15/12/2010,21124990,13/09/2010,Antibody-Antigen
7694,SAbDab,"3SDY:A, B, H, L::PMID=21737702",3SDY,,"H, L","A, B",antibody,hemagglutinin ha2 chain | hemagglutinin ha1 chain,1e-09,Other,X-RAY DIFFRACTION,303.15,2.85,21737702.0,20/07/2011,21737702,09/06/2011,Antibody-Antigen
7717,SAbDab,"3G6J:C, D, G, H::PMID=19196712",3G6J,,"G, H","C, D",antibody,complement c3 alpha chain | complement c3 beta chain,1.9e-09,SPR,X-RAY DIFFRACTION,298.15,3.1,19196712.0,10/03/2009,19196712,06/02/2009,Antibody-Antigen
7832,SAbDab,"3R1G:B, H, L::PMID=21613622",3R1G,,"H, L",B,antibody,beta-secretase 1,1.3e-09,SPR,X-RAY DIFFRACTION,298.15,2.8,21613622.0,08/06/2011,21613622,10/03/2011,Antibody-Antigen
7926,SAbDab,"3L95:A, B, X::PMID=20393564",3L95,,"A, B",X,antibody,neurogenic locus notch homolog protein 1,2.5e-09,SPR,X-RAY DIFFRACTION,298.15,2.19,20393564.0,09/03/2010,20393564,04/01/2010,Antibody-Antigen
7930,SAbDab,"1YYL:G, H, L::PMID=15893666",1YYL,,"H, L",G,antibody,exterior membrane glycoprotein(gp120),4e-09,ITC,X-RAY DIFFRACTION,310.15,2.75,15893666.0,03/05/2005,15893666,25/02/2005,Antibody-Antigen
7954,SAbDab,"2R0K:A, H, L::PMID=18077410",2R0K,,"H, L",A,antibody,hepatocyte growth factor activator,6e-10,SPR,X-RAY DIFFRACTION,298.15,3.51,18077410.0,25/12/2007,18077410,20/08/2007,Antibody-Antigen
7960,SAbDab,"3K2U:A, H, L::PMID=20004165",3K2U,,"H, L",A,antibody,hepatocyte growth factor activator long chain,1.6e-10,SPR,X-RAY DIFFRACTION,298.15,2.35,20004165.0,15/12/2009,20004165,30/09/2009,Antibody-Antigen
7987,SAbDab,"3B2V:A, H, L::PMID=18275813",3B2V,,"H, L",A,antibody,epidermal growth factor receptor,3.3e-09,SPR,X-RAY DIFFRACTION,298.15,3.3,18275813.0,19/02/2008,18275813,19/10/2007,Antibody-Antigen
8110,SAbDab,"3RU8:H, L, X::PMID=22021856",3RU8,,"H, L",X,antibody,epitope scaffold 2bodx43,3.35e-08,SPR,X-RAY DIFFRACTION,298.15,2.07,22021856.0,02/11/2011,22021856,04/05/2011,Antibody-Antigen
8195,SAbDab,"1EO8:A, H, L::PMID=10899782",1EO8,,"H, L",A,antibody,hemagglutinin (ha1 chain),8.9e-09,SPR,X-RAY DIFFRACTION,295.15,2.8,10899782.0,12/04/2000,10899782,22/03/2000,Antibody-Antigen
8197,SAbDab,"3MJ9:A, H, L::PMID=21220118",3MJ9,,"H, L",A,antibody,junctional adhesion molecule-like,7.69e-09,SPR,X-RAY DIFFRACTION,298.15,2.95,21220118.0,23/02/2011,21220118,12/04/2010,Antibody-Antigen
8224,Affinity Benchmark v5.5,"1ATN:A, D::PMID=6244947",1ATN,,A,D,Actin,Dnase I,2e-09,,X-RAY DIFFRACTION,305.15,2.8,2395459.0,15/07/1992,6244947,1980 Mar,OTHER
8234,Affinity Benchmark v5.5,"1AKJ:A, B, D, E::PMID=10072074",1AKJ,,"A, B","D, E",MHC class 1 HLA-A2,T-cell CD8 coreceptor,0.00013,,X-RAY DIFFRACTION,300.15,2.65,9177355.0,17/09/1997,10072074,1999 Feb,TCR-pMHC
8264,Affinity Benchmark v5.5,"2OZA:A, B::PMID=15287722",2OZA,,B,A,MAP kinase 14,MAP kinase-activated protein kinase 2,2.5e-09,,X-RAY DIFFRACTION,300.15,2.7,17395714.0,03/04/2007,15287722,2004 Aug 10,OTHER
8269,Affinity Benchmark v5.5,"1EZU:A, B, C::PMID=9642073",1EZU,,C,"A, B",D102N Trypsin,Y69F D70P Ecotin,8e-11,,X-RAY DIFFRACTION,300.15,2.4,10843853.0,23/06/2000,9642073,1998 Jun 19,OTHER
8278,Affinity Benchmark v5.5,"1KXP:A, D::PMID=2910852",1KXP,,A,D,Actin,Vitamin D binding protein,9e-10,,X-RAY DIFFRACTION,300.15,2.1,12048248.0,19/06/2002,2910852,1989 Jan 15,OTHER
8325,Affinity Benchmark v5.5,"1KLU:A, B, D::PMID=10229190",1KLU,,"A, B",D,MHC class 2 HLA-DR1,Staphylococcus enterotoxin C3,4.6e-06,,X-RAY DIFFRACTION,300.15,1.93,12051920.0,02/08/2002,10229190,1999 Apr,TCR-pMHC
8340,Affinity Benchmark v5.5,"1K5D:A, B, C::PMID=14585972",1K5D,,"A, B",C,Ran GTPase.GNP-RanBD1,Ran GAP,3e-10,,X-RAY DIFFRACTION,295.15,2.7,11832950.0,13/02/2002,14585972,2003 Nov,OTHER
8362,Affinity Benchmark v5.5,"3RVW:A, C, D::PMID=22210776",3RVW,,"C, D",A,4C1 Fab,DER P 1 allergen,1.9e-08,,,298.0,,,11/01/2012,22210776,2012 Mar 2,Antibody-Antigen
8367,Affinity Benchmark v5.5,"1JWH:A, C, D::PMID=18824508",1JWH,,"C, D",A,Casein kinase II beta chain,Casein kinase II alpha chain,1.3e-08,,X-RAY DIFFRACTION,310.15,3.1,11574463.0,04/03/2002,18824508,2008 Dec,OTHER
8368,Affinity Benchmark v5.5,"4FQI:A, B, H, L::PMID=22878502",4FQI,,"H, L","A, B",CR9114 Fab,H5N1 influenza virus hemagglutinin,9e-10,,X-RAY DIFFRACTION,303.0,1.71,22878502.0,22/08/2012,22878502,2012 Sep 14,Antibody-Antigen
8398,Affinity Benchmark v5.5,"1WDW:A, B, D::PMID=12643278",1WDW,,"B, D",A,Tryptophan synthase beta chain 1,Tryptophan synthase alpha chain,2.5e-09,,X-RAY DIFFRACTION,325.15,3.0,16114878.0,12/07/2005,12643278,2003 Mar 14,OTHER
8403,Affinity Benchmark v5.5,"1GPW:A, B::PMID=Personal Communication with Reinhard Sterner, University of Regensburg, Germany..",1GPW,,A,B,HISF protein,Amidotransferase HISH,5e-09,,X-RAY DIFFRACTION,300.15,2.4,11839304.0,10/02/2002,"Personal Communication with Reinhard Sterner, University of Regensburg, Germany..",,OTHER
8407,Affinity Benchmark v5.5,"1ZM4:A, B::PMID=12270928",1ZM4,,A,B,Elongation factor 2,Diphtheria toxin A catalytic domain,1.3e-06,,X-RAY DIFFRACTION,300.15,2.9,16107839.0,24/05/2005,12270928,2002 Nov 29,OTHER
8408,Affinity Benchmark v5.5,"1H1V:A, G::PMID=2836434",1H1V,,A,G,Actin,Gelsolin precursor C-term,2.5e-08,,X-RAY DIFFRACTION,295.15,2.99,12460571.0,24/01/2003,2836434,1988 May,OTHER
12407,ATLAS,"4Z7U:A, B, C, D, E::PMID=23063329",4Z7U,,"A, B, C","D, E",EGSFQPSQE-HLA-DQA1*03:01 | HLA-DQB1*03:02,S13,1.05e-06,SPR,X-RAY DIFFRACTION,298.15,2.7,25948817.0,03/06/2015,23063329,19/10/2012,TCR-pMHC
12412,ATLAS,"2ESV:A, C, D, E:A_R107G:PMID=16474394",2ESV,A_R107G,"A, C","D, E",VMAPRTLIL-HLA-E*01:03,KK50.4 ,3.02e-05,SPR,X-RAY DIFFRACTION,298.15,2.6,16474394.0,21/03/2006,16474394,01/03/2006,TCR-pMHC
12417,ATLAS,"3QIW:A, B, C, D, E:C_K8E:PMID=21490152",3QIW,C_K8E,"A, B, C","D, E",ADLIAYLEQATKG-I-Ek,226,0.0005,SPR,X-RAY DIFFRACTION,298.15,3.3,21490152.0,27/04/2011,21490152,15/05/2011,TCR-pMHC
12418,ATLAS,"4Z7W:A, B, C, D, E::PMID=25948817",4Z7W,,"A, B, C","D, E",SGEGSFQPSQENP-HLA-DQA1*03:01 | HLA-DQB1*03:02,T316,2.1e-06,SPR,X-RAY DIFFRACTION,298.15,2.89,25948817.0,03/06/2015,25948817,15/06/2015,TCR-pMHC
12419,ATLAS,"4MJI:A, C, D, E::PMID=24600035",4MJI,,"A, C","D, E",TAFTIPSI-HLA-B*51:01,3B,8.18e-05,SPR,X-RAY DIFFRACTION,298.15,2.99,24600035.0,28/05/2014,24600035,01/04/2014,TCR-pMHC
12420,ATLAS,"3VXM:A, C, D, E:C_F2Y:PMID=24192765",3VXM,C_F2Y,"A, C","D, E",RYPLTFGWCF-HLA-A*24:02,C1-28,3.75e-05,SPR,X-RAY DIFFRACTION,298.15,2.5,24192765.0,23/10/2013,24192765,06/11/2013,TCR-pMHC
12423,ATLAS,"3VXR:A, C, D, E:C_Y2F:PMID=24192765",3VXR,C_Y2F,"A, C","D, E",RFPLTFGWCF-HLA-A*24:02,H27-14,0.0002915,SPR,X-RAY DIFFRACTION,298.15,2.4,24192765.0,23/10/2013,24192765,06/11/2013,TCR-pMHC
12424,ATLAS,"1MWA:A, C, D, E::PMID=10755612",1MWA,,"A, C","D, E",EQYKFYSV-H-2Kb,2C,8.41e-05,SPR,X-RAY DIFFRACTION,298.15,2.4,11994422.0,27/11/2002,10755612,01/03/2000,TCR-pMHC
12425,ATLAS,"5D2N:A, C, D, E::PMID=26429912",5D2N,,"A, C","D, E",NLVPMVATV-HLA-A*02:01,C25,4.7e-06,SPR,X-RAY DIFFRACTION,298.15,2.1,26429912.0,07/10/2015,26429912,27/11/2015,TCR-pMHC
12612,ATLAS,"3MV8:A, C, D, E:E_Q55H:PMID=20566715",3MV8,E_Q55H,"A, C","D, E",HPVGEADYFEY-HLA-B*35:01,TK3,3.466e-05,SPR,X-RAY DIFFRACTION,298.15,2.1,20566715.0,09/06/2010,20566715,05/07/2010,TCR-pMHC
12614,ATLAS,"3FFC:A, C, D, E:C_F1T:PMID=19167249",3FFC,C_F1T,"A, C","D, E",TLRGRAYGL-HLA-B*08:01,CF34,0.0002,SPR,X-RAY DIFFRACTION,298.15,2.8,19167249.0,27/01/2009,19167249,20/02/2009,TCR-pMHC
12618,ATLAS,"1FYT:A, B, C, D, E::PMID=22314361",1FYT,,"A, B, C","D, E",PKYVKQNTLKLAT-HLA-DRA*01:01 | HLA-DRB1*01:01,HA1.7,5e-05,SPR,X-RAY DIFFRACTION,298.15,2.6,11060013.0,08/11/2000,22314361,07/02/2012,TCR-pMHC
12676,ATLAS,"3E3Q:A, C, D, E::PMID=18941216",3E3Q,,"A, C","D, E",QLSPFPFDL-H-2Ld,2Cm13,1.16e-07,SPR,X-RAY DIFFRACTION,298.15,2.95,18941216.0,04/11/2008,18941216,01/11/2008,TCR-pMHC
12696,ATLAS,"4QRP:A, C, D, E::PMID=25355921",4QRP,,"A, C","D, E",HSKKKCDEL-HLA-B*08:01,DD31,2.48e-06,SPR,X-RAY DIFFRACTION,298.15,2.9,25355921.0,12/11/2014,25355921,01/12/2014,TCR-pMHC
12700,ATLAS,"3QDM:A, C, D, E:C_A2L:PMID=21795600",3QDM,C_A2L,"A, C","D, E",ELAGIGILTV-HLA-A*02:01,DMF4,2.9e-05,SPR,X-RAY DIFFRACTION,298.15,2.8,21795600.0,06/07/2011,21795600,01/09/2011,TCR-pMHC
12701,ATLAS,"2F53:A, C, D, E:D_Q50P, D_S51F, D_S52W, E_A50V, E_G49S, E_I52M:PMID=16600963",2F53,"D_Q50P, D_S51F, D_S52W, E_A50V, E_G49S, E_I52M","A, C","D, E",SLLMWITQC-HLA-A*02:01,1G4,1e-09,SPR,X-RAY DIFFRACTION,298.15,2.1,16600963.0,25/04/2006,16600963,01/04/2006,TCR-pMHC
12752,ATLAS,"3UTT:A, C, D, E::PMID=20639478",3UTT,,"A, C","D, E",ALWGPDPAAA-HLA-A*02:01,1000000,0.00027,SPR,X-RAY DIFFRACTION,298.15,2.6,22245737.0,25/01/2012,20639478,15/08/2010,TCR-pMHC
12756,ATLAS,"4PRH:A, C, D, E:C_E5D:PMID=24759101",4PRH,C_E5D,"A, C","D, E",HPVGDADYFEY-HLA-B*35:08,TK3,2.54e-05,SPR,X-RAY DIFFRACTION,298.15,2.5,24759101.0,30/04/2014,24759101,13/06/2014,TCR-pMHC
12757,ATLAS,"4GG6:A, B, C, D, E::PMID=23063329",4GG6,,"A, B, C","D, E",EGSFQPSQE-HLA-DQA1*03:01 | HLA-DQB1*03:02,SP3.4,1.14e-05,SPR,X-RAY DIFFRACTION,298.15,3.2,23063329.0,24/10/2012,23063329,19/10/2012,TCR-pMHC
12771,ATLAS,"1G6R:A, C, D, E::PMID=10755612",1G6R,,"A, C","D, E",SIYRYYGL-H-2Kb,2C,3.19e-05,SPR,X-RAY DIFFRACTION,298.15,2.8,10755612.0,15/11/2000,10755612,01/03/2000,TCR-pMHC
12780,ATLAS,"3O6F:A, B, C, D, E:D_T29A:PMID=21297580",3O6F,D_T29A,"A, B, C","D, E",FSWGAEGQRPGFG-HLA-DRA*01:01 | HLA-DRB1*04:01,MS2-3C8,4.2e-07,SPR,X-RAY DIFFRACTION,298.15,2.8,21297580.0,02/03/2011,21297580,16/03/2011,TCR-pMHC
12794,ATLAS,"3KXF:A, C, D, E:A_Q155A, A_Q65A, A_T69A:PMID=20483993",3KXF,"A_Q155A, A_Q65A, A_T69A","A, C","D, E",LPEPLPQGQLTAY-HLA-B*35:08,SB27,2.7e-05,SPR,X-RAY DIFFRACTION,298.15,3.1,20483993.0,09/06/2010,20483993,08/06/2010,TCR-pMHC
12798,ATLAS,"3KPR:A, C, D, E:A_Y116D:PMID=20064448",3KPR,A_Y116D,"A, C","D, E",EEYLKAWTF-HLA-B*44:02,LC13,1.3e-06,SPR,X-RAY DIFFRACTION,298.15,2.6,20064448.0,22/12/2009,20064448,18/12/2009,TCR-pMHC
12802,ATLAS,"4JRY:A, C, D, E:A_R156L:PMID=23569211",4JRY,A_R156L,"A, C","D, E",LPEPLPQGQLTAY-HLA-B*35:01,SB47,2.925e-05,SPR,X-RAY DIFFRACTION,298.15,2.8,23569211.0,10/04/2013,23569211,31/05/2013,TCR-pMHC
12811,ATLAS,"4G9F:A, C, D, E:C_L6M:PMID=23521884",4G9F,C_L6M,"A, C","D, E",KRWIIMGLNK-HLA-B*27:05,C12C,1.1e-06,SPR,X-RAY DIFFRACTION,298.15,1.9,23521884.0,20/03/2013,23521884,21/03/2013,TCR-pMHC
12834,ATLAS,"4Z7V:A, B, C, D, E::PMID=23063329",4Z7V,,"A, B, C","D, E",EGSFQPSQE-HLA-DQA1*03:01 | HLA-DQB1*03:02,L3-12,7e-06,SPR,X-RAY DIFFRACTION,298.15,2.65,25948817.0,03/06/2015,23063329,19/10/2012,TCR-pMHC
12837,ATLAS,"3TPU:A, C, D, E::PMID=22301545",3TPU,,"A, C","D, E",FLSPFWFDI-H-2Ld,42F3,4.8e-05,,X-RAY DIFFRACTION,298.15,3.1,22101157.0,07/12/2011,22301545,01/03/2012,TCR-pMHC
12838,ATLAS,"3VXS:A, C, D, E:C_F6L:PMID=24192765",3VXS,C_F6L,"A, C","D, E",RYPLTLGWCF-HLA-A*24:02,H27-14,6.48e-05,SPR,X-RAY DIFFRACTION,298.15,1.8,24192765.0,23/10/2013,24192765,06/11/2013,TCR-pMHC
12852,ATLAS,"2F54:A, C, D, E::PMID=16600963",2F54,,"A, C","D, E",SLLMWITQC-HLA-A*02:01,1G4,1.5e-05,SPR,X-RAY DIFFRACTION,298.15,2.7,16600963.0,25/04/2006,16600963,01/04/2006,TCR-pMHC
12909,ATLAS,"3MV9:A, C, D, E:E_Q55A:PMID=20566715",3MV9,E_Q55A,"A, C","D, E",HPVGEADYFEY-HLA-B*35:01,TK3,5.76e-06,SPR,X-RAY DIFFRACTION,298.15,2.7,20566715.0,09/06/2010,20566715,05/07/2010,TCR-pMHC
12937,ATLAS,"3VXU:A, C, D, E:C_F2Y:PMID=24192765",3VXU,C_F2Y,"A, C","D, E",RYPLTFGWCF-HLA-A*24:02,T36-5,4.87e-05,SPR,X-RAY DIFFRACTION,298.15,2.7,24192765.0,23/10/2013,24192765,06/11/2013,TCR-pMHC
12939,ATLAS,"4QOK:A, C, D, E::PMID=25471691",4QOK,,"A, C","D, E",EAAGIGILTV-HLA-A*02:01,MEL5,6.4e-06,SPR,X-RAY DIFFRACTION,298.0,3.0,25471691.0,17/12/2014,25471691,01/02/2015,TCR-pMHC
12940,ATLAS,"3TJH:A, C, D, E::PMID=22301545",3TJH,,"A, C","D, E",SPLDSLWWI-H-2Ld,42F3,4e-06,,X-RAY DIFFRACTION,298.15,2.12,22101157.0,07/12/2011,22301545,01/03/2012,TCR-pMHC
12942,ATLAS,"3MV7:A, C, D, E:C_G4A:PMID=20566715",3MV7,C_G4A,"A, C","D, E",HPVAEADYFEY -HLA-B*35:01,TK3,4.8e-06,SPR,X-RAY DIFFRACTION,298.15,2.0,20566715.0,09/06/2010,20566715,05/07/2010,TCR-pMHC
12954,ATLAS,"3QIU:A, B, C, D, E:C_K8R:PMID=21490152",3QIU,C_K8R,"A, B, C","D, E",ADLIAYLRQATKG-I-Ek,226,2.02e-05,SPR,X-RAY DIFFRACTION,298.15,2.7,21490152.0,27/04/2011,21490152,15/05/2011,TCR-pMHC
12956,ATLAS,"2VLJ:A, C, D, E:D_S31A:PMID=18275829",2VLJ,D_S31A,"A, C","D, E",GILGFVFTL-HLA-A*02:01,JM22,1.5e-05,SPR,X-RAY DIFFRACTION,298.15,2.4,18275829.0,22/01/2008,18275829,01/02/2008,TCR-pMHC
12978,ATLAS,"4JRX:A, C, D, E:A_R156L:PMID=23569211",4JRX,A_R156L,"A, C","D, E",LPEPLPQGQLTAY-HLA-B*35:01,CA5,2.71e-05,SPR,X-RAY DIFFRACTION,298.15,2.3,23569211.0,10/04/2013,23569211,31/05/2013,TCR-pMHC
12979,ATLAS,"3KPS:A, C, D, E:A_Y116D:PMID=20064448",3KPS,A_Y116D,"A, C","D, E",EEYLQAFTY-HLA-B*44:02,LC13,0.000189,SPR,X-RAY DIFFRACTION,298.15,2.7,20064448.0,22/12/2009,20064448,18/12/2009,TCR-pMHC
12984,ATLAS,"4PRI:A, C, D, E::PMID=24759101",4PRI,,"A, C","D, E",HPVGEADYFEY-HLA-B*35:08,TK3,9.32e-05,SPR,X-RAY DIFFRACTION,298.15,2.4,24759101.0,16/04/2014,24759101,13/06/2014,TCR-pMHC
12988,ATLAS,"3PL6:A, B, C, D, E:E_Y48A:PMID=21199956",3PL6,E_Y48A,"A, B, C","D, E",ENPVVHFFKNIVTPR-HLA-DQA1*01:02 | HLA-DQB1*05:01,Hy.1B11,1.58e-05,SPR,X-RAY DIFFRACTION,298.15,2.55,21199956.0,22/12/2010,21199956,17/01/2011,TCR-pMHC
12997,ATLAS,"3DXA:A, C, D, E:A_Y116D:PMID=19139173",3DXA,A_Y116D,"A, C","D, E",EENLLDFVRF-HLA-B*44:02,DM1,6.3e-06,SPR,X-RAY DIFFRACTION,298.15,3.5,19139173.0,27/01/2009,19139173,16/01/2009,TCR-pMHC
13001,ATLAS,"4H1L:A, B, C, D, E::PMID=23091041",4H1L,,"A, B, C","D, E",HIRCNIPKRI-HLA-DRA*01:01 | HLA-DRB3*0301,ANi2.3,3.83e-05,SPR,X-RAY DIFFRACTION,298.15,3.3,23091041.0,14/11/2012,23091041,06/11/2012,TCR-pMHC
13023,ATLAS,"3O4L:A, C, D, E::PMID=21124993",3O4L,,"A, C","D, E",GLCTLVAML-HLA-A*02:01,AS01,1.07e-05,SPR,X-RAY DIFFRACTION,298.15,2.54,21124993.0,12/01/2011,21124993,18/11/2010,TCR-pMHC
13035,ATLAS,"5D2L:A, C, D, E::PMID=26429912",5D2L,,"A, C","D, E",NLVPMVATV-HLA-A*02:01,C7,5.1e-06,SPR,X-RAY DIFFRACTION,298.15,3.51,26429912.0,07/10/2015,26429912,27/11/2015,TCR-pMHC
