Unnamed: 0,Source Data Set,Complex ID,PDB,Mutations,Ligand Chains,Receptor Chains,Ligand Name,Receptor Name,KD(M),Affinity Method,Structure Method,Temperature(K),Resolution(A),PDB PubMed ID,PDB Release Date,Affinity PubMed ID,Affinity Release Date,Subgroup,selection_rank,diversity_score,split,_ligand_key,_receptor_key,_ligand_chain_key,_receptor_chain_key,_pair_key,_chain_pair_key,_subgroup_key
5,SKEMPI v2.0,"1AO7:A, B, C, D, E::PMID=23736024",1AO7,,"A, B, C","D, E",HLA-A2 plus tax peptide,A6 TCR,3.64e-06,SPR,X-RAY DIFFRACTION,298.0,2.6,8906788.0,17/09/1997,23736024,2013,TCR-pMHC,1,,test,hla-a2 plus tax peptide,a6 tcr,"A,B,C","D,E",hla-a2 plus tax peptide||a6 tcr,"A,B,C||D,E",TCR-pMHC
10,SKEMPI v2.0,"1BD2:A, B, C, D, E::PMID=23736024",1BD2,,"A, B, C","D, E",HLA-A2 plus tax peptide,B7 TCR,1.62e-06,SPR,X-RAY DIFFRACTION,298.0,2.5,9586631.0,19/08/1998,23736024,2013,TCR-pMHC,2,,train,hla-a2 plus tax peptide,b7 tcr,"A,B,C","D,E",hla-a2 plus tax peptide||b7 tcr,"A,B,C||D,E",TCR-pMHC
62,SKEMPI v2.0,"1LP9:A, B, C, E, F::PMID=17825839",1LP9,,"A, B, C","E, F",HLA-A2 plus P1049 peptide,AHIII TCR,9.3e-06,SPR,X-RAY DIFFRACTION,298.0,2.0,14563323.0,11/11/2003,17825839,2007 Oct 19,TCR-pMHC,3,,train,hla-a2 plus p1049 peptide,ahiii tcr,"A,B,C","E,F",hla-a2 plus p1049 peptide||ahiii tcr,"A,B,C||E,F",TCR-pMHC
66,SKEMPI v2.0,"1MI5:A, B, C, D, E::PMID=15640805",1MI5,,"A, B, C","D, E",HLA-B8 plus EB peptide,LC13 TCR,1.25e-05,SPR,X-RAY DIFFRACTION,298.0,2.5,12530975.0,04/02/2003,15640805,2005 Feb,TCR-pMHC,4,,train,hla-b8 plus eb peptide,lc13 tcr,"A,B,C","D,E",hla-b8 plus eb peptide||lc13 tcr,"A,B,C||D,E",TCR-pMHC
73,SKEMPI v2.0,"1OGA:A, B, C, D, E::PMID=18275829",1OGA,,"A, B, C","D, E",HLA-A2 plus flu peptide,JM22 TCR,5.2e-06,SPR,X-RAY DIFFRACTION,298.0,1.4,12796775.0,19/06/2003,18275829,2008 Feb,TCR-pMHC,5,,test,hla-a2 plus flu peptide,jm22 tcr,"A,B,C","D,E",hla-a2 plus flu peptide||jm22 tcr,"A,B,C||D,E",TCR-pMHC
129,SKEMPI v2.0,"2AK4:A, B, C, D, E::PMID=22343629",2AK4,,"A, B, C","D, E",HLA-B35 plus LPEP viral peptide,SB27 TCR,1.87e-05,SPR,X-RAY DIFFRACTION,298.0,2.5,16186824.0,11/10/2005,22343629,2012 Apr 6,TCR-pMHC,6,,train,hla-b35 plus lpep viral peptide,sb27 tcr,"A,B,C","D,E",hla-b35 plus lpep viral peptide||sb27 tcr,"A,B,C||D,E",TCR-pMHC
139,SKEMPI v2.0,"2BNQ:A, B, C, D, E::PMID=15837811",2BNQ,,"A, B, C","D, E",HLA-A2 plus NY-ESO peptide,1G4 TCR,5.7e-06,SPR,X-RAY DIFFRACTION,298.0,1.7,15837811.0,23/05/2005,15837811,2005 Apr 18,TCR-pMHC,7,,train,hla-a2 plus ny-eso peptide,1g4 tcr,"A,B,C","D,E",hla-a2 plus ny-eso peptide||1g4 tcr,"A,B,C||D,E",TCR-pMHC
215,SKEMPI v2.0,"3C60:A, B, C, D::PMID=22101158",3C60,,"C, D","A, B",H2-A plus 3K peptide,YAe62 TCR,1.2e-05,SPR,X-RAY DIFFRACTION,298.0,3.05,18308592.0,29/04/2008,22101158,2011 Nov 23,TCR-pMHC,8,,train,h2-a plus 3k peptide,yae62 tcr,"C,D","A,B",h2-a plus 3k peptide||yae62 tcr,"C,D||A,B",TCR-pMHC
224,SKEMPI v2.0,"3H9S:A, B, C, D, E::PMID=20064447",3H9S,,"A, B, C","D, E",HLA-A2 plus Tel1- peptide,A6 TCR,4.1e-06,SPR,X-RAY DIFFRACTION,298.0,2.7,20064447.0,12/01/2010,20064447,2009 Dec 18,TCR-pMHC,9,,train,hla-a2 plus tel1- peptide,a6 tcr,"A,B,C","D,E",hla-a2 plus tel1- peptide||a6 tcr,"A,B,C||D,E",TCR-pMHC
226,SKEMPI v2.0,"3HG1:A, B, C, D, E::PMID=24196962",3HG1,,"A, B, C","D, E",HLA-A2 plus MART-1 peptide,MEL5 TCR,2.6e-05,SPR,X-RAY DIFFRACTION,298.0,3.0,19605354.0,28/07/2009,24196962,2014 Jan 10,TCR-pMHC,10,,test,hla-a2 plus mart-1 peptide,mel5 tcr,"A,B,C","D,E",hla-a2 plus mart-1 peptide||mel5 tcr,"A,B,C||D,E",TCR-pMHC
249,SKEMPI v2.0,"3PWP:A, B, C, D, E::PMID=21282516",3PWP,,"A, B, C","D, E",HLA-A2 plus HuD peptide,A6 TCR,0.00014,SPR,X-RAY DIFFRACTION,298.0,2.69,21282516.0,09/03/2011,21282516,2011 Mar 1,TCR-pMHC,11,,train,hla-a2 plus hud peptide,a6 tcr,"A,B,C","D,E",hla-a2 plus hud peptide||a6 tcr,"A,B,C||D,E",TCR-pMHC
252,SKEMPI v2.0,"3QDG:A, B, C, D, E::PMID=24550723",3QDG,,"A, B, C","D, E",HLA-A2 plus MART-1 peptide,DMF5 TCR,9.5e-06,SPR,X-RAY DIFFRACTION,298.0,2.69,21795600.0,06/07/2011,24550723,2014 Feb,TCR-pMHC,12,,train,hla-a2 plus mart-1 peptide,dmf5 tcr,"A,B,C","D,E",hla-a2 plus mart-1 peptide||dmf5 tcr,"A,B,C||D,E",TCR-pMHC
253,SKEMPI v2.0,"3QDJ:A, B, C, D, E::PMID=24550723",3QDJ,,"A, B, C","D, E",HLA-A2 plus MART-1 derived peptide,DMF5 TCR,4.3e-05,SPR,X-RAY DIFFRACTION,298.0,2.3,21795600.0,06/07/2011,24550723,2014 Feb,TCR-pMHC,13,,test,hla-a2 plus mart-1 derived peptide,dmf5 tcr,"A,B,C","D,E",hla-a2 plus mart-1 derived peptide||dmf5 tcr,"A,B,C||D,E",TCR-pMHC
256,SKEMPI v2.0,"3QIB:A, B, C, D, P::PMID=21490152",3QIB,,"A, B, P","C, D",I-Ek plus MCC peptide,2B4 TCR,1.37e-05,SPR,X-RAY DIFFRACTION,298.0,2.7,21490152.0,27/04/2011,21490152,2011 May 15,TCR-pMHC,14,,train,i-ek plus mcc peptide,2b4 tcr,"A,B,P","C,D",i-ek plus mcc peptide||2b4 tcr,"A,B,P||C,D",TCR-pMHC
297,SKEMPI v2.0,"4JFD:A, B, C, D, E::PMID=23698002",4JFD,,"A, B, C","D, E",HLA-A2 plus MART-1 peptide,a24b17 TCR,3.6e-05,SPR,X-RAY DIFFRACTION,298.0,2.46,23698002.0,29/05/2013,23698002,2013 Jun 28,TCR-pMHC,15,,train,hla-a2 plus mart-1 peptide,a24b17 tcr,"A,B,C","D,E",hla-a2 plus mart-1 peptide||a24b17 tcr,"A,B,C||D,E",TCR-pMHC
309,SKEMPI v2.0,"4MNQ:A, B, C, D, E::PMID=24196962",4MNQ,,"A, B, C","D, E",HLA-A2 plus telomerase peptide,ILA1 TCR,2e-09,SPR,X-RAY DIFFRACTION,298.0,2.74,24196962.0,13/11/2013,24196962,2014 Jan 10,TCR-pMHC,16,,test,hla-a2 plus telomerase peptide,ila1 tcr,"A,B,C","D,E",hla-a2 plus telomerase peptide||ila1 tcr,"A,B,C||D,E",TCR-pMHC
318,SKEMPI v2.0,"4P23:A, B, C, D::PMID=22101158",4P23,,"C, D","A, B",H2-A plus 3K peptide,J809.B5 TCR,6e-06,SPR,X-RAY DIFFRACTION,298.0,2.25,24813203.0,28/05/2014,22101158,2011 Nov 23,TCR-pMHC,17,,train,h2-a plus 3k peptide,j809.b5 tcr,"C,D","A,B",h2-a plus 3k peptide||j809.b5 tcr,"C,D||A,B",TCR-pMHC
319,SKEMPI v2.0,"4P5T:A, B, C, D::PMID=24813203",4P5T,,"C, D","A, B",H2-A plus 3K peptide,14.C6 TCR,6e-06,SPR,X-RAY DIFFRACTION,298.0,3.26,24813203.0,28/05/2014,24813203,2014 Jun 15,TCR-pMHC,18,,train,h2-a plus 3k peptide,14.c6 tcr,"C,D","A,B",h2-a plus 3k peptide||14.c6 tcr,"C,D||A,B",TCR-pMHC
338,SKEMPI v2.0,"5E9D:A, B, C, D, E::PMID=27681597",5E9D,,"A, B, C","D, E",HLA-A2 plus MART-1 peptide,RD1-MART1 TCR,1.37e-07,FL,X-RAY DIFFRACTION,298.0,2.51,27238970.0,08/06/2016,27681597,2016 Nov 18,TCR-pMHC,19,,train,hla-a2 plus mart-1 peptide,rd1-mart1 tcr,"A,B,C","D,E",hla-a2 plus mart-1 peptide||rd1-mart1 tcr,"A,B,C||D,E",TCR-pMHC
12407,ATLAS,"4Z7U:A, B, C, D, E::PMID=23063329",4Z7U,,"A, B, C","D, E",EGSFQPSQE-HLA-DQA1*03:01 | HLA-DQB1*03:02,S13,1.05e-06,SPR,X-RAY DIFFRACTION,298.15,2.7,25948817.0,03/06/2015,23063329,19/10/2012,TCR-pMHC,20,,train,egsfqpsqe-hla-dqa1*03:01 | hla-dqb1*03:02,s13,"A,B,C","D,E",egsfqpsqe-hla-dqa1*03:01 | hla-dqb1*03:02||s13,"A,B,C||D,E",TCR-pMHC
12412,ATLAS,"2ESV:A, C, D, E:A_R107G:PMID=16474394",2ESV,A_R107G,"A, C","D, E",VMAPRTLIL-HLA-E*01:03,KK50.4 ,3.02e-05,SPR,X-RAY DIFFRACTION,298.15,2.6,16474394.0,21/03/2006,16474394,01/03/2006,TCR-pMHC,21,,train,vmaprtlil-hla-e*01:03,kk50.4,"A,C","D,E",vmaprtlil-hla-e*01:03||kk50.4,"A,C||D,E",TCR-pMHC
12417,ATLAS,"3QIW:A, B, C, D, E:C_K8E:PMID=21490152",3QIW,C_K8E,"A, B, C","D, E",ADLIAYLEQATKG-I-Ek,226,0.0005,SPR,X-RAY DIFFRACTION,298.15,3.3,21490152.0,27/04/2011,21490152,15/05/2011,TCR-pMHC,22,,train,adliayleqatkg-i-ek,226,"A,B,C","D,E",adliayleqatkg-i-ek||226,"A,B,C||D,E",TCR-pMHC
12418,ATLAS,"4Z7W:A, B, C, D, E::PMID=25948817",4Z7W,,"A, B, C","D, E",SGEGSFQPSQENP-HLA-DQA1*03:01 | HLA-DQB1*03:02,T316,2.1e-06,SPR,X-RAY DIFFRACTION,298.15,2.89,25948817.0,03/06/2015,25948817,15/06/2015,TCR-pMHC,23,,test,sgegsfqpsqenp-hla-dqa1*03:01 | hla-dqb1*03:02,t316,"A,B,C","D,E",sgegsfqpsqenp-hla-dqa1*03:01 | hla-dqb1*03:02||t316,"A,B,C||D,E",TCR-pMHC
12419,ATLAS,"4MJI:A, C, D, E::PMID=24600035",4MJI,,"A, C","D, E",TAFTIPSI-HLA-B*51:01,3B,8.18e-05,SPR,X-RAY DIFFRACTION,298.15,2.99,24600035.0,28/05/2014,24600035,01/04/2014,TCR-pMHC,24,,train,taftipsi-hla-b*51:01,3b,"A,C","D,E",taftipsi-hla-b*51:01||3b,"A,C||D,E",TCR-pMHC
12420,ATLAS,"3VXM:A, C, D, E:C_F2Y:PMID=24192765",3VXM,C_F2Y,"A, C","D, E",RYPLTFGWCF-HLA-A*24:02,C1-28,3.75e-05,SPR,X-RAY DIFFRACTION,298.15,2.5,24192765.0,23/10/2013,24192765,06/11/2013,TCR-pMHC,25,,train,rypltfgwcf-hla-a*24:02,c1-28,"A,C","D,E",rypltfgwcf-hla-a*24:02||c1-28,"A,C||D,E",TCR-pMHC
12423,ATLAS,"3VXR:A, C, D, E:C_Y2F:PMID=24192765",3VXR,C_Y2F,"A, C","D, E",RFPLTFGWCF-HLA-A*24:02,H27-14,0.0002915,SPR,X-RAY DIFFRACTION,298.15,2.4,24192765.0,23/10/2013,24192765,06/11/2013,TCR-pMHC,26,,test,rfpltfgwcf-hla-a*24:02,h27-14,"A,C","D,E",rfpltfgwcf-hla-a*24:02||h27-14,"A,C||D,E",TCR-pMHC
12424,ATLAS,"1MWA:A, C, D, E::PMID=10755612",1MWA,,"A, C","D, E",EQYKFYSV-H-2Kb,2C,8.41e-05,SPR,X-RAY DIFFRACTION,298.15,2.4,11994422.0,27/11/2002,10755612,01/03/2000,TCR-pMHC,27,,train,eqykfysv-h-2kb,2c,"A,C","D,E",eqykfysv-h-2kb||2c,"A,C||D,E",TCR-pMHC
12425,ATLAS,"5D2N:A, C, D, E::PMID=26429912",5D2N,,"A, C","D, E",NLVPMVATV-HLA-A*02:01,C25,4.7e-06,SPR,X-RAY DIFFRACTION,298.15,2.1,26429912.0,07/10/2015,26429912,27/11/2015,TCR-pMHC,28,,test,nlvpmvatv-hla-a*02:01,c25,"A,C","D,E",nlvpmvatv-hla-a*02:01||c25,"A,C||D,E",TCR-pMHC
12612,ATLAS,"3MV8:A, C, D, E:E_Q55H:PMID=20566715",3MV8,E_Q55H,"A, C","D, E",HPVGEADYFEY-HLA-B*35:01,TK3,3.466e-05,SPR,X-RAY DIFFRACTION,298.15,2.1,20566715.0,09/06/2010,20566715,05/07/2010,TCR-pMHC,29,,train,hpvgeadyfey-hla-b*35:01,tk3,"A,C","D,E",hpvgeadyfey-hla-b*35:01||tk3,"A,C||D,E",TCR-pMHC
12614,ATLAS,"3FFC:A, C, D, E:C_F1T:PMID=19167249",3FFC,C_F1T,"A, C","D, E",TLRGRAYGL-HLA-B*08:01,CF34,0.0002,SPR,X-RAY DIFFRACTION,298.15,2.8,19167249.0,27/01/2009,19167249,20/02/2009,TCR-pMHC,30,,train,tlrgraygl-hla-b*08:01,cf34,"A,C","D,E",tlrgraygl-hla-b*08:01||cf34,"A,C||D,E",TCR-pMHC
12618,ATLAS,"1FYT:A, B, C, D, E::PMID=22314361",1FYT,,"A, B, C","D, E",PKYVKQNTLKLAT-HLA-DRA*01:01 | HLA-DRB1*01:01,HA1.7,5e-05,SPR,X-RAY DIFFRACTION,298.15,2.6,11060013.0,08/11/2000,22314361,07/02/2012,TCR-pMHC,31,,train,pkyvkqntlklat-hla-dra*01:01 | hla-drb1*01:01,ha1.7,"A,B,C","D,E",pkyvkqntlklat-hla-dra*01:01 | hla-drb1*01:01||ha1.7,"A,B,C||D,E",TCR-pMHC
12676,ATLAS,"3E3Q:A, C, D, E::PMID=18941216",3E3Q,,"A, C","D, E",QLSPFPFDL-H-2Ld,2Cm13,1.16e-07,SPR,X-RAY DIFFRACTION,298.15,2.95,18941216.0,04/11/2008,18941216,01/11/2008,TCR-pMHC,32,,train,qlspfpfdl-h-2ld,2cm13,"A,C","D,E",qlspfpfdl-h-2ld||2cm13,"A,C||D,E",TCR-pMHC
12696,ATLAS,"4QRP:A, C, D, E::PMID=25355921",4QRP,,"A, C","D, E",HSKKKCDEL-HLA-B*08:01,DD31,2.48e-06,SPR,X-RAY DIFFRACTION,298.15,2.9,25355921.0,12/11/2014,25355921,01/12/2014,TCR-pMHC,33,,train,hskkkcdel-hla-b*08:01,dd31,"A,C","D,E",hskkkcdel-hla-b*08:01||dd31,"A,C||D,E",TCR-pMHC
12700,ATLAS,"3QDM:A, C, D, E:C_A2L:PMID=21795600",3QDM,C_A2L,"A, C","D, E",ELAGIGILTV-HLA-A*02:01,DMF4,2.9e-05,SPR,X-RAY DIFFRACTION,298.15,2.8,21795600.0,06/07/2011,21795600,01/09/2011,TCR-pMHC,34,,train,elagigiltv-hla-a*02:01,dmf4,"A,C","D,E",elagigiltv-hla-a*02:01||dmf4,"A,C||D,E",TCR-pMHC
12701,ATLAS,"2F53:A, C, D, E:D_Q50P, D_S51F, D_S52W, E_A50V, E_G49S, E_I52M:PMID=16600963",2F53,"D_Q50P, D_S51F, D_S52W, E_A50V, E_G49S, E_I52M","A, C","D, E",SLLMWITQC-HLA-A*02:01,1G4,1e-09,SPR,X-RAY DIFFRACTION,298.15,2.1,16600963.0,25/04/2006,16600963,01/04/2006,TCR-pMHC,35,,train,sllmwitqc-hla-a*02:01,1g4,"A,C","D,E",sllmwitqc-hla-a*02:01||1g4,"A,C||D,E",TCR-pMHC
12752,ATLAS,"3UTT:A, C, D, E::PMID=20639478",3UTT,,"A, C","D, E",ALWGPDPAAA-HLA-A*02:01,1000000,0.00027,SPR,X-RAY DIFFRACTION,298.15,2.6,22245737.0,25/01/2012,20639478,15/08/2010,TCR-pMHC,36,,test,alwgpdpaaa-hla-a*02:01,1000000,"A,C","D,E",alwgpdpaaa-hla-a*02:01||1000000,"A,C||D,E",TCR-pMHC
12756,ATLAS,"4PRH:A, C, D, E:C_E5D:PMID=24759101",4PRH,C_E5D,"A, C","D, E",HPVGDADYFEY-HLA-B*35:08,TK3,2.54e-05,SPR,X-RAY DIFFRACTION,298.15,2.5,24759101.0,30/04/2014,24759101,13/06/2014,TCR-pMHC,37,,train,hpvgdadyfey-hla-b*35:08,tk3,"A,C","D,E",hpvgdadyfey-hla-b*35:08||tk3,"A,C||D,E",TCR-pMHC
12757,ATLAS,"4GG6:A, B, C, D, E::PMID=23063329",4GG6,,"A, B, C","D, E",EGSFQPSQE-HLA-DQA1*03:01 | HLA-DQB1*03:02,SP3.4,1.14e-05,SPR,X-RAY DIFFRACTION,298.15,3.2,23063329.0,24/10/2012,23063329,19/10/2012,TCR-pMHC,38,,train,egsfqpsqe-hla-dqa1*03:01 | hla-dqb1*03:02,sp3.4,"A,B,C","D,E",egsfqpsqe-hla-dqa1*03:01 | hla-dqb1*03:02||sp3.4,"A,B,C||D,E",TCR-pMHC
12771,ATLAS,"1G6R:A, C, D, E::PMID=10755612",1G6R,,"A, C","D, E",SIYRYYGL-H-2Kb,2C,3.19e-05,SPR,X-RAY DIFFRACTION,298.15,2.8,10755612.0,15/11/2000,10755612,01/03/2000,TCR-pMHC,39,,train,siyryygl-h-2kb,2c,"A,C","D,E",siyryygl-h-2kb||2c,"A,C||D,E",TCR-pMHC
12780,ATLAS,"3O6F:A, B, C, D, E:D_T29A:PMID=21297580",3O6F,D_T29A,"A, B, C","D, E",FSWGAEGQRPGFG-HLA-DRA*01:01 | HLA-DRB1*04:01,MS2-3C8,4.2e-07,SPR,X-RAY DIFFRACTION,298.15,2.8,21297580.0,02/03/2011,21297580,16/03/2011,TCR-pMHC,40,,train,fswgaegqrpgfg-hla-dra*01:01 | hla-drb1*04:01,ms2-3c8,"A,B,C","D,E",fswgaegqrpgfg-hla-dra*01:01 | hla-drb1*04:01||ms2-3c8,"A,B,C||D,E",TCR-pMHC
12794,ATLAS,"3KXF:A, C, D, E:A_Q155A, A_Q65A, A_T69A:PMID=20483993",3KXF,"A_Q155A, A_Q65A, A_T69A","A, C","D, E",LPEPLPQGQLTAY-HLA-B*35:08,SB27,2.7e-05,SPR,X-RAY DIFFRACTION,298.15,3.1,20483993.0,09/06/2010,20483993,08/06/2010,TCR-pMHC,41,,train,lpeplpqgqltay-hla-b*35:08,sb27,"A,C","D,E",lpeplpqgqltay-hla-b*35:08||sb27,"A,C||D,E",TCR-pMHC
12798,ATLAS,"3KPR:A, C, D, E:A_Y116D:PMID=20064448",3KPR,A_Y116D,"A, C","D, E",EEYLKAWTF-HLA-B*44:02,LC13,1.3e-06,SPR,X-RAY DIFFRACTION,298.15,2.6,20064448.0,22/12/2009,20064448,18/12/2009,TCR-pMHC,42,,test,eeylkawtf-hla-b*44:02,lc13,"A,C","D,E",eeylkawtf-hla-b*44:02||lc13,"A,C||D,E",TCR-pMHC
12802,ATLAS,"4JRY:A, C, D, E:A_R156L:PMID=23569211",4JRY,A_R156L,"A, C","D, E",LPEPLPQGQLTAY-HLA-B*35:01,SB47,2.925e-05,SPR,X-RAY DIFFRACTION,298.15,2.8,23569211.0,10/04/2013,23569211,31/05/2013,TCR-pMHC,43,,train,lpeplpqgqltay-hla-b*35:01,sb47,"A,C","D,E",lpeplpqgqltay-hla-b*35:01||sb47,"A,C||D,E",TCR-pMHC
12811,ATLAS,"4G9F:A, C, D, E:C_L6M:PMID=23521884",4G9F,C_L6M,"A, C","D, E",KRWIIMGLNK-HLA-B*27:05,C12C,1.1e-06,SPR,X-RAY DIFFRACTION,298.15,1.9,23521884.0,20/03/2013,23521884,21/03/2013,TCR-pMHC,44,,test,krwiimglnk-hla-b*27:05,c12c,"A,C","D,E",krwiimglnk-hla-b*27:05||c12c,"A,C||D,E",TCR-pMHC
12834,ATLAS,"4Z7V:A, B, C, D, E::PMID=23063329",4Z7V,,"A, B, C","D, E",EGSFQPSQE-HLA-DQA1*03:01 | HLA-DQB1*03:02,L3-12,7e-06,SPR,X-RAY DIFFRACTION,298.15,2.65,25948817.0,03/06/2015,23063329,19/10/2012,TCR-pMHC,45,,test,egsfqpsqe-hla-dqa1*03:01 | hla-dqb1*03:02,l3-12,"A,B,C","D,E",egsfqpsqe-hla-dqa1*03:01 | hla-dqb1*03:02||l3-12,"A,B,C||D,E",TCR-pMHC
12837,ATLAS,"3TPU:A, C, D, E::PMID=22301545",3TPU,,"A, C","D, E",FLSPFWFDI-H-2Ld,42F3,4.8e-05,,X-RAY DIFFRACTION,298.15,3.1,22101157.0,07/12/2011,22301545,01/03/2012,TCR-pMHC,46,,test,flspfwfdi-h-2ld,42f3,"A,C","D,E",flspfwfdi-h-2ld||42f3,"A,C||D,E",TCR-pMHC
12838,ATLAS,"3VXS:A, C, D, E:C_F6L:PMID=24192765",3VXS,C_F6L,"A, C","D, E",RYPLTLGWCF-HLA-A*24:02,H27-14,6.48e-05,SPR,X-RAY DIFFRACTION,298.15,1.8,24192765.0,23/10/2013,24192765,06/11/2013,TCR-pMHC,47,,train,rypltlgwcf-hla-a*24:02,h27-14,"A,C","D,E",rypltlgwcf-hla-a*24:02||h27-14,"A,C||D,E",TCR-pMHC
12937,ATLAS,"3VXU:A, C, D, E:C_F2Y:PMID=24192765",3VXU,C_F2Y,"A, C","D, E",RYPLTFGWCF-HLA-A*24:02,T36-5,4.87e-05,SPR,X-RAY DIFFRACTION,298.15,2.7,24192765.0,23/10/2013,24192765,06/11/2013,TCR-pMHC,48,,train,rypltfgwcf-hla-a*24:02,t36-5,"A,C","D,E",rypltfgwcf-hla-a*24:02||t36-5,"A,C||D,E",TCR-pMHC
12939,ATLAS,"4QOK:A, C, D, E::PMID=25471691",4QOK,,"A, C","D, E",EAAGIGILTV-HLA-A*02:01,MEL5,6.4e-06,SPR,X-RAY DIFFRACTION,298.0,3.0,25471691.0,17/12/2014,25471691,01/02/2015,TCR-pMHC,49,,train,eaagigiltv-hla-a*02:01,mel5,"A,C","D,E",eaagigiltv-hla-a*02:01||mel5,"A,C||D,E",TCR-pMHC
12940,ATLAS,"3TJH:A, C, D, E::PMID=22301545",3TJH,,"A, C","D, E",SPLDSLWWI-H-2Ld,42F3,4e-06,,X-RAY DIFFRACTION,298.15,2.12,22101157.0,07/12/2011,22301545,01/03/2012,TCR-pMHC,50,,train,spldslwwi-h-2ld,42f3,"A,C","D,E",spldslwwi-h-2ld||42f3,"A,C||D,E",TCR-pMHC
12942,ATLAS,"3MV7:A, C, D, E:C_G4A:PMID=20566715",3MV7,C_G4A,"A, C","D, E",HPVAEADYFEY -HLA-B*35:01,TK3,4.8e-06,SPR,X-RAY DIFFRACTION,298.15,2.0,20566715.0,09/06/2010,20566715,05/07/2010,TCR-pMHC,51,,train,hpvaeadyfey -hla-b*35:01,tk3,"A,C","D,E",hpvaeadyfey -hla-b*35:01||tk3,"A,C||D,E",TCR-pMHC
12954,ATLAS,"3QIU:A, B, C, D, E:C_K8R:PMID=21490152",3QIU,C_K8R,"A, B, C","D, E",ADLIAYLRQATKG-I-Ek,226,2.02e-05,SPR,X-RAY DIFFRACTION,298.15,2.7,21490152.0,27/04/2011,21490152,15/05/2011,TCR-pMHC,52,,train,adliaylrqatkg-i-ek,226,"A,B,C","D,E",adliaylrqatkg-i-ek||226,"A,B,C||D,E",TCR-pMHC
12956,ATLAS,"2VLJ:A, C, D, E:D_S31A:PMID=18275829",2VLJ,D_S31A,"A, C","D, E",GILGFVFTL-HLA-A*02:01,JM22,1.5e-05,SPR,X-RAY DIFFRACTION,298.15,2.4,18275829.0,22/01/2008,18275829,01/02/2008,TCR-pMHC,53,,train,gilgfvftl-hla-a*02:01,jm22,"A,C","D,E",gilgfvftl-hla-a*02:01||jm22,"A,C||D,E",TCR-pMHC
12978,ATLAS,"4JRX:A, C, D, E:A_R156L:PMID=23569211",4JRX,A_R156L,"A, C","D, E",LPEPLPQGQLTAY-HLA-B*35:01,CA5,2.71e-05,SPR,X-RAY DIFFRACTION,298.15,2.3,23569211.0,10/04/2013,23569211,31/05/2013,TCR-pMHC,54,,train,lpeplpqgqltay-hla-b*35:01,ca5,"A,C","D,E",lpeplpqgqltay-hla-b*35:01||ca5,"A,C||D,E",TCR-pMHC
12979,ATLAS,"3KPS:A, C, D, E:A_Y116D:PMID=20064448",3KPS,A_Y116D,"A, C","D, E",EEYLQAFTY-HLA-B*44:02,LC13,0.000189,SPR,X-RAY DIFFRACTION,298.15,2.7,20064448.0,22/12/2009,20064448,18/12/2009,TCR-pMHC,55,,train,eeylqafty-hla-b*44:02,lc13,"A,C","D,E",eeylqafty-hla-b*44:02||lc13,"A,C||D,E",TCR-pMHC
12984,ATLAS,"4PRI:A, C, D, E::PMID=24759101",4PRI,,"A, C","D, E",HPVGEADYFEY-HLA-B*35:08,TK3,9.32e-05,SPR,X-RAY DIFFRACTION,298.15,2.4,24759101.0,16/04/2014,24759101,13/06/2014,TCR-pMHC,56,,train,hpvgeadyfey-hla-b*35:08,tk3,"A,C","D,E",hpvgeadyfey-hla-b*35:08||tk3,"A,C||D,E",TCR-pMHC
12988,ATLAS,"3PL6:A, B, C, D, E:E_Y48A:PMID=21199956",3PL6,E_Y48A,"A, B, C","D, E",ENPVVHFFKNIVTPR-HLA-DQA1*01:02 | HLA-DQB1*05:01,Hy.1B11,1.58e-05,SPR,X-RAY DIFFRACTION,298.15,2.55,21199956.0,22/12/2010,21199956,17/01/2011,TCR-pMHC,57,,train,enpvvhffknivtpr-hla-dqa1*01:02 | hla-dqb1*05:01,hy.1b11,"A,B,C","D,E",enpvvhffknivtpr-hla-dqa1*01:02 | hla-dqb1*05:01||hy.1b11,"A,B,C||D,E",TCR-pMHC
12997,ATLAS,"3DXA:A, C, D, E:A_Y116D:PMID=19139173",3DXA,A_Y116D,"A, C","D, E",EENLLDFVRF-HLA-B*44:02,DM1,6.3e-06,SPR,X-RAY DIFFRACTION,298.15,3.5,19139173.0,27/01/2009,19139173,16/01/2009,TCR-pMHC,58,,train,eenlldfvrf-hla-b*44:02,dm1,"A,C","D,E",eenlldfvrf-hla-b*44:02||dm1,"A,C||D,E",TCR-pMHC
13001,ATLAS,"4H1L:A, B, C, D, E::PMID=23091041",4H1L,,"A, B, C","D, E",HIRCNIPKRI-HLA-DRA*01:01 | HLA-DRB3*0301,ANi2.3,3.83e-05,SPR,X-RAY DIFFRACTION,298.15,3.3,23091041.0,14/11/2012,23091041,06/11/2012,TCR-pMHC,59,,train,hircnipkri-hla-dra*01:01 | hla-drb3*0301,ani2.3,"A,B,C","D,E",hircnipkri-hla-dra*01:01 | hla-drb3*0301||ani2.3,"A,B,C||D,E",TCR-pMHC
13023,ATLAS,"3O4L:A, C, D, E::PMID=21124993",3O4L,,"A, C","D, E",GLCTLVAML-HLA-A*02:01,AS01,1.07e-05,SPR,X-RAY DIFFRACTION,298.15,2.54,21124993.0,12/01/2011,21124993,18/11/2010,TCR-pMHC,60,,train,glctlvaml-hla-a*02:01,as01,"A,C","D,E",glctlvaml-hla-a*02:01||as01,"A,C||D,E",TCR-pMHC
13035,ATLAS,"5D2L:A, C, D, E::PMID=26429912",5D2L,,"A, C","D, E",NLVPMVATV-HLA-A*02:01,C7,5.1e-06,SPR,X-RAY DIFFRACTION,298.15,3.51,26429912.0,07/10/2015,26429912,27/11/2015,TCR-pMHC,61,,train,nlvpmvatv-hla-a*02:01,c7,"A,C","D,E",nlvpmvatv-hla-a*02:01||c7,"A,C||D,E",TCR-pMHC
