Unnamed: 0,Source Data Set,Complex ID,PDB,Mutations,Ligand Chains,Receptor Chains,Ligand Name,Receptor Name,KD(M),Affinity Method,Structure Method,Temperature(K),Resolution(A),PDB PubMed ID,PDB Release Date,Affinity PubMed ID,Affinity Release Date,Subgroup,selection_rank,diversity_score,split
257,SKEMPI v2.0,"3R9A:A, B, C::PMID=22529745",3R9A,,"A, C",B,Alanine-glyoxylate aminotransferase,PEX5P,3.5e-06,ITC,X-RAY DIFFRACTION,298.0,2.35,22529745.0,11/05/2011,22529745,2012,OTHER,1,6.752551020408164,train
256,SKEMPI v2.0,"3QIB:A, B, C, D, P::PMID=21490152",3QIB,,"A, B, P","C, D",I-Ek plus MCC peptide,2B4 TCR,1.37e-05,SPR,X-RAY DIFFRACTION,298.0,2.7,21490152.0,27/04/2011,21490152,2011 May 15,TCR-pMHC,2,6.751602564102564,train
8362,Affinity Benchmark v5.5,"3RVW:A, C, D::PMID=22210776",3RVW,,"C, D",A,4C1 Fab,DER P 1 allergen,1.9e-08,,,298.0,,,11/01/2012,22210776,2012 Mar 2,Antibody-Antigen,3,6.631944444444445,test
327,SKEMPI v2.0,"4X4M:A, B, E::PMID=25561553",4X4M,,"A, B",E,IgG1 Fc,Fc gamma receptor 1,8.8e-09,SPR,X-RAY DIFFRACTION,298.0,3.48,25561553.0,08/04/2015,25561553,2015 Jan 20,OTHER,4,6.502551020408164,train
300,SKEMPI v2.0,"4JGH:A, B, C, D::PMID=23897481",4JGH,,"A, B, C",D,SOCS2-Elongin BC complex,N-terminal fragment of Cullin5,2.81e-08,ITC,X-RAY DIFFRACTION,298.0,3.0,23897481.0,07/08/2013,23897481,2013 Aug,OTHER,5,6.4192176870748305,train
275,SKEMPI v2.0,"3VR6:A, B, C, D, E, F, G, H::PMID=24058539",3VR6,,"A, B, C, D, E, F","G, H",E. hirae V1-ATPase A3B3 complex,E. hirae V1-ATPase DF complex,1.6e-09,SPR,X-RAY DIFFRACTION,298.0,2.68,23334411.0,16/01/2013,24058539,2013,OTHER,6,6.377551020408164,train
316,SKEMPI v2.0,"4OFY:A, D::PMID=24485456",4OFY,,A,D,SYG-1 D1-D2,SYG-2 D1-D4,5.9e-07,SPR,X-RAY DIFFRACTION,298.0,3.3,24485456.0,19/02/2014,24485456,2014 Jan 30,OTHER,7,6.352551020408163,test
7646,SAbDab,"2XTJ:A, B, D::PMID=20959675",2XTJ,,"B, D",A,antibody,proprotein convertase subtilisin/kexin type 9,4.4e-09,SPR,X-RAY DIFFRACTION,298.15,2.7,20959675.0,03/11/2010,20959675,10/10/2010,Antibody-Antigen,8,6.271650326797386,test
12997,ATLAS,"3DXA:A, C, D, E:A_Y116D:PMID=19139173",3DXA,A_Y116D,"A, C","D, E",EENLLDFVRF-HLA-B*44:02,DM1,6.3e-06,SPR,X-RAY DIFFRACTION,298.15,3.5,19139173.0,27/01/2009,19139173,16/01/2009,TCR-pMHC,9,6.258955505279035,train
202,SKEMPI v2.0,"3BN9:B, C, D::PMID=17475279",3BN9,,B,"C, D",Membrane-type serine protease 1,E2 fab,1.23e-11,FL,X-RAY DIFFRACTION,298.0,2.17,18514224.0,09/09/2008,17475279,2007 Jun 15,OTHER,10,6.210884353741497,train
290,SKEMPI v2.0,"4GXU:A, B, C, D, E, F, M, N::PMID=23236279",4GXU,,"A, B, C, D, E, F","M, N",Hemagglutinin HA2,Antibody 1F1,6.2e-09,SP,X-RAY DIFFRACTION,298.0,3.29,23236279.0,19/12/2012,23236279,2012,OTHER,11,6.198979591836735,train
242,SKEMPI v2.0,"3N85:A, H, L::PMID=20654626",3N85,,A,"H, L",HER2,Fab37,7.9e-10,SPR,X-RAY DIFFRACTION,298.0,3.2,20654626.0,28/07/2010,20654626,2010 Sep 10,OTHER,12,6.190051020408164,test
302,SKEMPI v2.0,"4K71:A, B, C::PMID=24120761",4K71,,A,"B, C",Human Serum Albumin,FcRn,3e-09,ELISA,X-RAY DIFFRACTION,298.0,2.4,24120761.0,23/10/2013,24120761,2013 Nov 5,OTHER,13,6.183106575963719,train
66,SKEMPI v2.0,"1MI5:A, B, C, D, E::PMID=15640805",1MI5,,"A, B, C","D, E",HLA-B8 plus EB peptide,LC13 TCR,1.25e-05,SPR,X-RAY DIFFRACTION,298.0,2.5,12530975.0,04/02/2003,15640805,2005 Feb,TCR-pMHC,14,6.1752136752136755,test
143,SKEMPI v2.0,"2C5D:A, B, C, D::PMID=16362042",2C5D,,"A, B","C, D",GAS6,Axl,5e-09,SPR,X-RAY DIFFRACTION,298.0,3.3,16362042.0,19/12/2005,16362042,2006 Jan 11,OTHER,15,6.135884353741496,train
293,SKEMPI v2.0,"4HSA:A, B, C::PMID=23695682",4HSA,,"A, B",C,Interleukin-17a,Interleukin-17 receptor A,2.46e-09,SPR,X-RAY DIFFRACTION,298.0,3.15,23695682.0,22/05/2013,23695682,2013,OTHER,16,6.079255565862709,train
333,SKEMPI v2.0,"5C6T:A, H, L::PMID=26365435",5C6T,,"H, L",A,1G2 fab,HCMV glycoprotein B,1.3e-10,SPR,X-RAY DIFFRACTION,298.0,3.6,26365435.0,23/09/2015,26365435,2015 Sep 14,OTHER,17,6.069217687074831,train
296,SKEMPI v2.0,"4JEU:A, B::PMID=23858467",4JEU,,A,B,Munc18a,Syntaxin-1A,1.4e-09,ITC,X-RAY DIFFRACTION,298.0,3.2,23858467.0,17/07/2013,23858467,2013 Jul 30,OTHER,18,6.055718441222643,train
319,SKEMPI v2.0,"4P5T:A, B, C, D::PMID=24813203",4P5T,,"C, D","A, B",H2-A plus 3K peptide,14.C6 TCR,6e-06,SPR,X-RAY DIFFRACTION,298.0,3.26,24813203.0,28/05/2014,24813203,2014 Jun 15,TCR-pMHC,19,6.04326923076923,train
72,SKEMPI v2.0,"1NMB:H, L, N::PMID=9579662",1NMB,,N,"H, L",Subtype N9 neuraminidase,Antibody NC10,4.55e-08,SPR,X-RAY DIFFRACTION,298.0,2.2,7994573.0,15/09/1995,9579662,1998 Jan,OTHER,20,6.038265306122449,train
245,SKEMPI v2.0,"3NGB:G, H, L::PMID=20616231",3NGB,,"H, L",G,VRC01 fab,gp120,5.76e-09,SPR,X-RAY DIFFRACTION,298.0,2.68,20616231.0,07/07/2010,20616231,2010 Aug 13,OTHER,21,5.952551020408164,train
7717,SAbDab,"3G6J:C, D, G, H::PMID=19196712",3G6J,,"G, H","C, D",antibody,complement c3 alpha chain | complement c3 beta chain,1.9e-09,SPR,X-RAY DIFFRACTION,298.15,3.1,19196712.0,10/03/2009,19196712,06/02/2009,Antibody-Antigen,22,5.688316993464053,train
234,SKEMPI v2.0,"3LZF:A, B, H, L::PMID=23236279",3LZF,,"A, B","H, L",Hemagglutinin HA2,Antibody 2D1,2.5e-09,SP,X-RAY DIFFRACTION,298.0,2.8,20339031.0,07/04/2010,23236279,2012,OTHER,23,5.658801020408164,train
276,SKEMPI v2.0,"3W2D:A, H, L::PMID=24423621",3W2D,,A,"H, L",Staphylococcal enterotoxin B,3E2 fab,5.79e-10,SPR,X-RAY DIFFRACTION,298.0,3.1,24423621.0,25/12/2013,24423621,2014 Jan-Feb,OTHER,24,5.656962785114046,train
320,SKEMPI v2.0,"4PWX:A, B, C, D::PMID=24727835",4PWX,,"A, B","C, D",GET3,GET4,5.4e-07,ITC,X-RAY DIFFRACTION,298.0,5.4,24727835.0,09/04/2014,24727835,2014 May,OTHER,25,5.613662131519274,train
12700,ATLAS,"3QDM:A, C, D, E:C_A2L:PMID=21795600",3QDM,C_A2L,"A, C","D, E",ELAGIGILTV-HLA-A*02:01,DMF4,2.9e-05,SPR,X-RAY DIFFRACTION,298.15,2.8,21795600.0,06/07/2011,21795600,01/09/2011,TCR-pMHC,26,5.6089555052790345,test
12618,ATLAS,"1FYT:A, B, C, D, E::PMID=22314361",1FYT,,"A, B, C","D, E",PKYVKQNTLKLAT-HLA-DRA*01:01 | HLA-DRB1*01:01,HA1.7,5e-05,SPR,X-RAY DIFFRACTION,298.15,2.6,11060013.0,08/11/2000,22314361,07/02/2012,TCR-pMHC,27,5.5918803418803416,train
332,SKEMPI v2.0,"4ZS6:A, H, L::PMID=26281793",4ZS6,,"H, L",A,MERS-27 fab,MERS-CoV envolope protein S,3.12e-07,SPR,X-RAY DIFFRACTION,298.0,3.17,26281793.0,02/09/2015,26281793,2015 Aug 18,OTHER,28,5.553866809881848,test
255,SKEMPI v2.0,"3QHY:A, B::PMID=23625930",3QHY,,A,B,B. anthracis beta-lactamase,BLIP-II,3e-13,IASP,X-RAY DIFFRACTION,298.0,2.06,21775426.0,20/07/2011,23625930,2013 Jun 14,OTHER,29,5.542256902761105,train
124,SKEMPI v2.0,"1YY9:A, C, D::PMID=24380763",1YY9,,"C, D",A,Cetuximab fab,Epidermal growth factor receptor,1.31e-09,SPR,X-RAY DIFFRACTION,298.0,2.6,15837620.0,26/04/2005,24380763,2014 Apr 3,OTHER,30,5.526360544217687,train
7292,SAbDab,"3H42:A, B, H, L::PMID=19443683",3H42,,"H, L","A, B",antibody,proprotein convertase subtilisin/kexin type 9 | proprotein convertase subtilisin/kexin type 9,4e-12,Other,X-RAY DIFFRACTION,298.15,2.3,19443683.0,05/05/2009,19443683,17/04/2009,Antibody-Antigen,31,5.479983660130719,train
26,SKEMPI v2.0,"1DVF:A, B, C, D::PMID=8703938",1DVF,,"A, B","C, D",IgG1-kappa D1.3 Fv,E5.2 Fv,1.08e-08,SPR,X-RAY DIFFRACTION,298.0,1.9,8950273.0,17/08/1996,8703938,1996 Jul 30,OTHER,32,5.441944959802102,train
227,SKEMPI v2.0,"3HH2:A, B, C::PMID=22052913",3HH2,,"A, B",C,Myostatin,Follistatin,6.3e-09,SPR,X-RAY DIFFRACTION,298.0,2.15,19644449.0,04/08/2009,22052913,2012 Jan 6,OTHER,33,5.430540150842946,train
12939,ATLAS,"4QOK:A, C, D, E::PMID=25471691",4QOK,,"A, C","D, E",EAAGIGILTV-HLA-A*02:01,MEL5,6.4e-06,SPR,X-RAY DIFFRACTION,298.0,3.0,25471691.0,17/12/2014,25471691,01/02/2015,TCR-pMHC,34,5.413717410040939,test
12780,ATLAS,"3O6F:A, B, C, D, E:D_T29A:PMID=21297580",3O6F,D_T29A,"A, B, C","D, E",FSWGAEGQRPGFG-HLA-DRA*01:01 | HLA-DRB1*04:01,MS2-3C8,4.2e-07,SPR,X-RAY DIFFRACTION,298.15,2.8,21297580.0,02/03/2011,21297580,16/03/2011,TCR-pMHC,35,5.4043803418803416,train
7832,SAbDab,"3R1G:B, H, L::PMID=21613622",3R1G,,"H, L",B,antibody,beta-secretase 1,1.3e-09,SPR,X-RAY DIFFRACTION,298.15,2.8,21613622.0,08/06/2011,21613622,10/03/2011,Antibody-Antigen,36,5.371650326797385,train
329,SKEMPI v2.0,"4YEB:A, B::PMID=26235031",4YEB,,A,B,Latrophilin-3 OLF domain,FLRT3 LRR domain,1.69e-08,ITC,X-RAY DIFFRACTION,298.0,3.19,26235031.0,19/08/2015,26235031,2015 Sep 1,OTHER,37,5.371423569427771,train
161,SKEMPI v2.0,"2JCC:A, B, C, E, F::PMID=17825839",2JCC,,"A, B, C","E, F",HLA-A2 plus P1049 peptide,AHIII TCR,1.54e-05,SPR,X-RAY DIFFRACTION,298.0,2.5,17825839.0,09/10/2007,17825839,2007 Oct 19,TCR-pMHC,38,5.369658119658119,test
12696,ATLAS,"4QRP:A, C, D, E::PMID=25355921",4QRP,,"A, C","D, E",HSKKKCDEL-HLA-B*08:01,DD31,2.48e-06,SPR,X-RAY DIFFRACTION,298.15,2.9,25355921.0,12/11/2014,25355921,01/12/2014,TCR-pMHC,39,5.308955505279035,test
7350,SAbDab,"3LQA:C, G, H, L::PMID=20357769",3LQA,,"H, L","C, G",antibody,envelope glycoprotein gp160 | t-cell surface glycoprotein cd4,1.6e-06,SPR,X-RAY DIFFRACTION,298.15,3.4,20357769.0,07/04/2010,20357769,08/02/2010,Antibody-Antigen,40,5.304983660130719,train
309,SKEMPI v2.0,"4MNQ:A, B, C, D, E::PMID=24196962",4MNQ,,"A, B, C","D, E",HLA-A2 plus telomerase peptide,ILA1 TCR,2e-09,SPR,X-RAY DIFFRACTION,298.0,2.74,24196962.0,13/11/2013,24196962,2014 Jan 10,TCR-pMHC,41,5.304001554001554,train
222,SKEMPI v2.0,"3F1S:A, B::PMID=25713144",3F1S,,A,B,Z-dependent protease inhibitor,Protein A/Z,2.1e-09,Other,X-RAY DIFFRACTION,298.0,2.3,19528533.0,30/06/2009,25713144,2015 Apr 10,OTHER,42,5.287256902761104,test
70,SKEMPI v2.0,"1N8Z:A, B, C::PMID=23527120",1N8Z,,"A, B",C,Herceptin,erbB-2,1.31e-09,SPR,X-RAY DIFFRACTION,298.0,2.52,12610629.0,18/02/2003,23527120,2013,OTHER,43,5.261365122972266,train
8110,SAbDab,"3RU8:H, L, X::PMID=22021856",3RU8,,"H, L",X,antibody,epitope scaffold 2bodx43,3.35e-08,SPR,X-RAY DIFFRACTION,298.15,2.07,22021856.0,02/11/2011,22021856,04/05/2011,Antibody-Antigen,44,5.259745564892624,train
12412,ATLAS,"2ESV:A, C, D, E:A_R107G:PMID=16474394",2ESV,A_R107G,"A, C","D, E",VMAPRTLIL-HLA-E*01:03,KK50.4 ,3.02e-05,SPR,X-RAY DIFFRACTION,298.15,2.6,16474394.0,21/03/2006,16474394,01/03/2006,TCR-pMHC,45,5.250622171945702,train
13001,ATLAS,"4H1L:A, B, C, D, E::PMID=23091041",4H1L,,"A, B, C","D, E",HIRCNIPKRI-HLA-DRA*01:01 | HLA-DRB3*0301,ANi2.3,3.83e-05,SPR,X-RAY DIFFRACTION,298.15,3.3,23091041.0,14/11/2012,23091041,06/11/2012,TCR-pMHC,46,5.247008547008547,train
288,SKEMPI v2.0,"4GNK:A, B::PMID=23377541",4GNK,,A,B,G(q) alpha,PLC beta 3,2.2e-07,FL,X-RAY DIFFRACTION,298.0,4.0,23377541.0,06/02/2013,23377541,2013 Mar,OTHER,47,5.235775421279623,train
7926,SAbDab,"3L95:A, B, X::PMID=20393564",3L95,,"A, B",X,antibody,neurogenic locus notch homolog protein 1,2.5e-09,SPR,X-RAY DIFFRACTION,298.15,2.19,20393564.0,09/03/2010,20393564,04/01/2010,Antibody-Antigen,48,5.227007469654529,train
12676,ATLAS,"3E3Q:A, C, D, E::PMID=18941216",3E3Q,,"A, C","D, E",QLSPFPFDL-H-2Ld,2Cm13,1.16e-07,SPR,X-RAY DIFFRACTION,298.15,2.95,18941216.0,04/11/2008,18941216,01/11/2008,TCR-pMHC,49,5.211336457659987,test
12418,ATLAS,"4Z7W:A, B, C, D, E::PMID=25948817",4Z7W,,"A, B, C","D, E",SGEGSFQPSQENP-HLA-DQA1*03:01 | HLA-DQB1*03:02,T316,2.1e-06,SPR,X-RAY DIFFRACTION,298.15,2.89,25948817.0,03/06/2015,25948817,15/06/2015,TCR-pMHC,50,5.208547008547009,train
7209,SAbDab,"3FKU:G, H, U, u::PMID=19234466",3FKU,,"U, u","G, H",antibody,hemagglutinin | hemagglutinin,1.3e-10,SPR,X-RAY DIFFRACTION,298.15,3.2,19234466.0,24/02/2009,19234466,17/12/2008,Antibody-Antigen,51,5.202205882352941,train
12614,ATLAS,"3FFC:A, C, D, E:C_F1T:PMID=19167249",3FFC,C_F1T,"A, C","D, E",TLRGRAYGL-HLA-B*08:01,CF34,0.0002,SPR,X-RAY DIFFRACTION,298.15,2.8,19167249.0,27/01/2009,19167249,20/02/2009,TCR-pMHC,52,5.183062648136178,test
12988,ATLAS,"3PL6:A, B, C, D, E:E_Y48A:PMID=21199956",3PL6,E_Y48A,"A, B, C","D, E",ENPVVHFFKNIVTPR-HLA-DQA1*01:02 | HLA-DQB1*05:01,Hy.1B11,1.58e-05,SPR,X-RAY DIFFRACTION,298.15,2.55,21199956.0,22/12/2010,21199956,17/01/2011,TCR-pMHC,53,5.180815916110034,train
197,SKEMPI v2.0,"3B4V:A, B, C::PMID=22052913",3B4V,,"A, B",C,Activin A,Follistatin-like 3,1.4e-10,SPR,X-RAY DIFFRACTION,298.0,2.48,18768470.0,02/09/2008,22052913,2012 Jan 6,OTHER,54,5.176658163265307,test
12794,ATLAS,"3KXF:A, C, D, E:A_Q155A, A_Q65A, A_T69A:PMID=20483993",3KXF,"A_Q155A, A_Q65A, A_T69A","A, C","D, E",LPEPLPQGQLTAY-HLA-B*35:08,SB27,2.7e-05,SPR,X-RAY DIFFRACTION,298.15,3.1,20483993.0,09/06/2010,20483993,08/06/2010,TCR-pMHC,55,5.161733283056813,train
129,SKEMPI v2.0,"2AK4:A, B, C, D, E::PMID=22343629",2AK4,,"A, B, C","D, E",HLA-B35 plus LPEP viral peptide,SB27 TCR,1.87e-05,SPR,X-RAY DIFFRACTION,298.0,2.5,16186824.0,11/10/2005,22343629,2012 Apr 6,TCR-pMHC,56,5.159862798020693,train
12419,ATLAS,"4MJI:A, C, D, E::PMID=24600035",4MJI,,"A, C","D, E",TAFTIPSI-HLA-B*51:01,3B,8.18e-05,SPR,X-RAY DIFFRACTION,298.15,2.99,24600035.0,28/05/2014,24600035,01/04/2014,TCR-pMHC,57,5.145066616390146,train
13023,ATLAS,"3O4L:A, C, D, E::PMID=21124993",3O4L,,"A, C","D, E",GLCTLVAML-HLA-A*02:01,AS01,1.07e-05,SPR,X-RAY DIFFRACTION,298.15,2.54,21124993.0,12/01/2011,21124993,18/11/2010,TCR-pMHC,58,5.132765029088558,train
3,SKEMPI v2.0,"1AHW:A, B, C::PMID=9480775",1AHW,,"A, B",C,Immunoglobulin fab 5G9,Tissue factor,3.4e-09,IASP,X-RAY DIFFRACTION,298.0,3.0,9480775.0,25/02/1998,9480775,1998 Feb 6,OTHER,59,5.126042399718509,test
12811,ATLAS,"4G9F:A, C, D, E:C_L6M:PMID=23521884",4G9F,C_L6M,"A, C","D, E",KRWIIMGLNK-HLA-B*27:05,C12C,1.1e-06,SPR,X-RAY DIFFRACTION,298.15,1.9,23521884.0,20/03/2013,23521884,21/03/2013,TCR-pMHC,60,5.122591868915398,train
12956,ATLAS,"2VLJ:A, C, D, E:D_S31A:PMID=18275829",2VLJ,D_S31A,"A, C","D, E",GILGFVFTL-HLA-A*02:01,JM22,1.5e-05,SPR,X-RAY DIFFRACTION,298.15,2.4,18275829.0,22/01/2008,18275829,01/02/2008,TCR-pMHC,61,5.11402796904715,test
12752,ATLAS,"3UTT:A, C, D, E::PMID=20639478",3UTT,,"A, C","D, E",ALWGPDPAAA-HLA-A*02:01,1000000,0.00027,SPR,X-RAY DIFFRACTION,298.15,2.6,22245737.0,25/01/2012,20639478,15/08/2010,TCR-pMHC,62,5.106711915535445,train
271,SKEMPI v2.0,"3U82:A, B::PMID=25231300",3U82,,A,B,HSV-1 gD,Nectin-1,1.25e-08,SPR,X-RAY DIFFRACTION,298.0,3.16,22146396.0,21/03/2012,25231300,2014 Dec,OTHER,63,5.075590236094438,train
84,SKEMPI v2.0,"1SBB:A, B::PMID=9500785",1SBB,,A,B,Beta-chain of 14.3.d,Staphylococcal enterotoxin B,0.00014,SPR,X-RAY DIFFRACTION,298.0,2.4,9881971.0,01/03/1999,9500785,1998 Mar 16,OTHER,64,5.051243077876313,train
246,SKEMPI v2.0,"3NPS:A, B, C::PMID=17475279",3NPS,,A,"B, C",Membrane-type serine protease 1,S4 fab,7.04e-11,FL,X-RAY DIFFRACTION,298.0,1.5,22154938.0,06/07/2011,17475279,2007 Jun 15,OTHER,65,5.018176020408164,train
71,SKEMPI v2.0,"1NCA:H, L, N::PMID=9692956",1NCA,,N,"H, L",Subtype N9 neuraminidase,Antibody NC41 scFv,5e-08,FL,X-RAY DIFFRACTION,298.0,2.5,1381757.0,31/01/1994,9692956,1998 Jul 28,OTHER,66,5.017702535559679,test
12417,ATLAS,"3QIW:A, B, C, D, E:C_K8E:PMID=21490152",3QIW,C_K8E,"A, B, C","D, E",ADLIAYLEQATKG-I-Ek,226,0.0005,SPR,X-RAY DIFFRACTION,298.15,3.3,21490152.0,27/04/2011,21490152,15/05/2011,TCR-pMHC,67,5.014658119658119,train
315,SKEMPI v2.0,"4O27:A, B::PMID=24746913",4O27,,A,B,MO25,MST3,2.5e-08,BLI,X-RAY DIFFRACTION,298.0,3.19,24746913.0,03/12/2014,24746913,2014 May,OTHER,68,4.990296118447379,train
330,SKEMPI v2.0,"4YFD:A, B::PMID=25908590",4YFD,,A,B,PTP delta,IL-1RAcP,6.8e-07,SPR,X-RAY DIFFRACTION,298.0,3.25,25908590.0,06/05/2015,25908590,2015 Apr 24,OTHER,69,4.975987061491263,train
12802,ATLAS,"4JRY:A, C, D, E:A_R156L:PMID=23569211",4JRY,A_R156L,"A, C","D, E",LPEPLPQGQLTAY-HLA-B*35:01,SB47,2.925e-05,SPR,X-RAY DIFFRACTION,298.15,2.8,23569211.0,10/04/2013,23569211,31/05/2013,TCR-pMHC,70,4.974614845938375,train
12420,ATLAS,"3VXM:A, C, D, E:C_F2Y:PMID=24192765",3VXM,C_F2Y,"A, C","D, E",RYPLTFGWCF-HLA-A*24:02,C1-28,3.75e-05,SPR,X-RAY DIFFRACTION,298.15,2.5,24192765.0,23/10/2013,24192765,06/11/2013,TCR-pMHC,71,4.9691406904642195,train
12837,ATLAS,"3TPU:A, C, D, E::PMID=22301545",3TPU,,"A, C","D, E",FLSPFWFDI-H-2Ld,42F3,4.8e-05,,X-RAY DIFFRACTION,298.15,3.1,22101157.0,07/12/2011,22301545,01/03/2012,TCR-pMHC,72,4.964312648136178,test
12424,ATLAS,"1MWA:A, C, D, E::PMID=10755612",1MWA,,"A, C","D, E",EQYKFYSV-H-2Kb,2C,8.41e-05,SPR,X-RAY DIFFRACTION,298.15,2.4,11994422.0,27/11/2002,10755612,01/03/2000,TCR-pMHC,73,4.960020414001145,train
12757,ATLAS,"4GG6:A, B, C, D, E::PMID=23063329",4GG6,,"A, B, C","D, E",EGSFQPSQE-HLA-DQA1*03:01 | HLA-DQB1*03:02,SP3.4,1.14e-05,SPR,X-RAY DIFFRACTION,298.15,3.2,23063329.0,24/10/2012,23063329,19/10/2012,TCR-pMHC,74,4.958547008547009,train
12979,ATLAS,"3KPS:A, C, D, E:A_Y116D:PMID=20064448",3KPS,A_Y116D,"A, C","D, E",EEYLQAFTY-HLA-B*44:02,LC13,0.000189,SPR,X-RAY DIFFRACTION,298.15,2.7,20064448.0,22/12/2009,20064448,18/12/2009,TCR-pMHC,75,4.955640093092655,train
13035,ATLAS,"5D2L:A, C, D, E::PMID=26429912",5D2L,,"A, C","D, E",NLVPMVATV-HLA-A*02:01,C7,5.1e-06,SPR,X-RAY DIFFRACTION,298.15,3.51,26429912.0,07/10/2015,26429912,27/11/2015,TCR-pMHC,76,4.952212084226403,train
12838,ATLAS,"3VXS:A, C, D, E:C_F6L:PMID=24192765",3VXS,C_F6L,"A, C","D, E",RYPLTLGWCF-HLA-A*24:02,H27-14,6.48e-05,SPR,X-RAY DIFFRACTION,298.15,1.8,24192765.0,23/10/2013,24192765,06/11/2013,TCR-pMHC,77,4.94910702043055,train
253,SKEMPI v2.0,"3QDJ:A, B, C, D, E::PMID=24550723",3QDJ,,"A, B, C","D, E",HLA-A2 plus MART-1 derived peptide,DMF5 TCR,4.3e-05,SPR,X-RAY DIFFRACTION,298.0,2.3,21795600.0,06/07/2011,24550723,2014 Feb,TCR-pMHC,78,4.947495315142374,train
169,SKEMPI v2.0,"2NY7:G, H, L::PMID=17301785",2NY7,,"H, L",G,b12 fab,gp120,3.64e-08,SPR,X-RAY DIFFRACTION,298.0,2.3,17301785.0,06/02/2007,17301785,2007 Feb 15,OTHER,79,4.933106575963719,train
318,SKEMPI v2.0,"4P23:A, B, C, D::PMID=22101158",4P23,,"C, D","A, B",H2-A plus 3K peptide,J809.B5 TCR,6e-06,SPR,X-RAY DIFFRACTION,298.0,2.25,24813203.0,28/05/2014,22101158,2011 Nov 23,TCR-pMHC,80,4.932554945054945,train
226,SKEMPI v2.0,"3HG1:A, B, C, D, E::PMID=24196962",3HG1,,"A, B, C","D, E",HLA-A2 plus MART-1 peptide,MEL5 TCR,2.6e-05,SPR,X-RAY DIFFRACTION,298.0,3.0,19605354.0,28/07/2009,24196962,2014 Jan 10,TCR-pMHC,81,4.891483516483516,train
10,SKEMPI v2.0,"1BD2:A, B, C, D, E::PMID=23736024",1BD2,,"A, B, C","D, E",HLA-A2 plus tax peptide,B7 TCR,1.62e-06,SPR,X-RAY DIFFRACTION,298.0,2.5,9586631.0,19/08/1998,23736024,2013,TCR-pMHC,82,4.884697884697884,train
224,SKEMPI v2.0,"3H9S:A, B, C, D, E::PMID=20064447",3H9S,,"A, B, C","D, E",HLA-A2 plus Tel1- peptide,A6 TCR,4.1e-06,SPR,X-RAY DIFFRACTION,298.0,2.7,20064447.0,12/01/2010,20064447,2009 Dec 18,TCR-pMHC,83,4.874383474712422,train
12984,ATLAS,"4PRI:A, C, D, E::PMID=24759101",4PRI,,"A, C","D, E",HPVGEADYFEY-HLA-B*35:08,TK3,9.32e-05,SPR,X-RAY DIFFRACTION,298.15,2.4,24759101.0,16/04/2014,24759101,13/06/2014,TCR-pMHC,84,4.869395065718595,train
199,SKEMPI v2.0,"3BE1:A, H, L::PMID=19299620",3BE1,,"H, L",A,bH1 Fab,erbB-2,2.6e-08,SPR,X-RAY DIFFRACTION,298.0,2.9,19299620.0,18/11/2008,19299620,2009 Mar 20,OTHER,85,4.74939786725501,train
187,SKEMPI v2.0,"2VIR:A, B, C::PMID=9461077",2VIR,,"A, B",C,IgG1 lambda fab,Flu virus hemagglutinin,1e-09,SPR,X-RAY DIFFRACTION,298.0,3.25,9461077.0,29/04/1998,9461077,1998 Feb,OTHER,86,4.713625581811673,train
7431,SAbDab,"2WUB:C, Q, R::PMID=20004165",2WUB,,"Q, R",C,antibody,hepatocyte growth factor activator long chain,1.5e-07,SPR,X-RAY DIFFRACTION,298.15,2.9,20004165.0,15/12/2009,20004165,01/10/2009,Antibody-Antigen,87,4.682761437908497,train
334,SKEMPI v2.0,"5CXB:A, B::PMID=26476442",5CXB,,A,B,C. thermophilum YTM1,C. thermophilum ERB1,2.7e-09,BLI,X-RAY DIFFRACTION,298.0,2.1,26476442.0,04/11/2015,26476442,2015 Dec 15,OTHER,88,4.630077415581617,train
228,SKEMPI v2.0,"3IDX:G, H, L::PMID=17301785",3IDX,,"H, L",G,b13 fab,gp120,2.91e-07,SPR,X-RAY DIFFRACTION,298.0,2.5,19965434.0,17/11/2009,17301785,2007 Feb 15,OTHER,89,4.598384353741496,train
215,SKEMPI v2.0,"3C60:A, B, C, D::PMID=22101158",3C60,,"C, D","A, B",H2-A plus 3K peptide,YAe62 TCR,1.2e-05,SPR,X-RAY DIFFRACTION,298.0,3.05,18308592.0,29/04/2008,22101158,2011 Nov 23,TCR-pMHC,90,4.597435897435896,train
73,SKEMPI v2.0,"1OGA:A, B, C, D, E::PMID=18275829",1OGA,,"A, B, C","D, E",HLA-A2 plus flu peptide,JM22 TCR,5.2e-06,SPR,X-RAY DIFFRACTION,298.0,1.4,12796775.0,19/06/2003,18275829,2008 Feb,TCR-pMHC,91,4.587408797164894,train
12852,ATLAS,"2F54:A, C, D, E::PMID=16600963",2F54,,"A, C","D, E",SLLMWITQC-HLA-A*02:01,1G4,1.5e-05,SPR,X-RAY DIFFRACTION,298.15,2.7,16600963.0,25/04/2006,16600963,01/04/2006,TCR-pMHC,92,4.566314812638343,train
7205,SAbDab,"1JPS:H, L, T::PMID=11307801",1JPS,,"H, L",T,antibody,tissue factor,1e-10,SPR,X-RAY DIFFRACTION,298.15,1.85,11601848.0,03/02/2002,11307801,03/08/2001,Antibody-Antigen,93,4.542104872251932,train
49,SKEMPI v2.0,"1JCK:A, B::PMID=9500785",1JCK,,A,B,Beta-chain of 14.3.d,Staphylococcal enterotoxin C3,3e-06,SPR,X-RAY DIFFRACTION,298.0,3.5,8906797.0,12/11/1997,9500785,1998 Mar 16,OTHER,94,4.495361115621415,test
310,SKEMPI v2.0,"4MYW:A, B::PMID=25231300",4MYW,,A,B,HSV-2 gD,Nectin-1,1.91e-08,SPR,X-RAY DIFFRACTION,298.0,3.19,25231300.0,01/10/2014,25231300,2014 Dec,OTHER,95,4.4874949979992,train
12954,ATLAS,"3QIU:A, B, C, D, E:C_K8R:PMID=21490152",3QIU,C_K8R,"A, B, C","D, E",ADLIAYLRQATKG-I-Ek,226,2.02e-05,SPR,X-RAY DIFFRACTION,298.15,2.7,21490152.0,27/04/2011,21490152,15/05/2011,TCR-pMHC,96,4.457674915523753,train
314,SKEMPI v2.0,"4NZW:A, B::PMID=24746913",4NZW,,A,B,MO25,STK25,5.04e-07,BLI,X-RAY DIFFRACTION,298.0,3.58,24746913.0,03/12/2014,24746913,2014 May,OTHER,97,4.4391412199942595,test
12423,ATLAS,"3VXR:A, C, D, E:C_Y2F:PMID=24192765",3VXR,C_Y2F,"A, C","D, E",RFPLTFGWCF-HLA-A*24:02,H27-14,0.0002915,SPR,X-RAY DIFFRACTION,298.15,2.4,24192765.0,23/10/2013,24192765,06/11/2013,TCR-pMHC,98,4.438797402512237,train
12940,ATLAS,"3TJH:A, C, D, E::PMID=22301545",3TJH,,"A, C","D, E",SPLDSLWWI-H-2Ld,42F3,4e-06,,X-RAY DIFFRACTION,298.15,2.12,22101157.0,07/12/2011,22301545,01/03/2012,TCR-pMHC,99,4.436733283056813,train
12798,ATLAS,"3KPR:A, C, D, E:A_Y116D:PMID=20064448",3KPR,A_Y116D,"A, C","D, E",EEYLKAWTF-HLA-B*44:02,LC13,1.3e-06,SPR,X-RAY DIFFRACTION,298.15,2.6,20064448.0,22/12/2009,20064448,18/12/2009,TCR-pMHC,100,4.4348250704964265,train
