PDB,Chains_1,Chains_2,Temp_K,KD(M),Affinity Method,Structure Method,Resolution(A),Source Data Set,Complex ID,Subgroup
1AO7,"A, B, C","D, E",298.0,3.64e-06,SPR,X-RAY DIFFRACTION,2.6,SKEMPI v2.0,"1AO7:A, B, C, D, E::PMID=23736024",TCR-pMHC
1BD2,"A, B, C","D, E",298.0,1.62e-06,SPR,X-RAY DIFFRACTION,2.5,SKEMPI v2.0,"1BD2:A, B, C, D, E::PMID=23736024",TCR-pMHC
1LP9,"A, B, C","E, F",298.0,9.3e-06,SPR,X-RAY DIFFRACTION,2.0,SKEMPI v2.0,"1LP9:A, B, C, E, F::PMID=17825839",TCR-pMHC
1MI5,"A, B, C","D, E",298.0,1.25e-05,SPR,X-RAY DIFFRACTION,2.5,SKEMPI v2.0,"1MI5:A, B, C, D, E::PMID=15640805",TCR-pMHC
1OGA,"A, B, C","D, E",298.0,5.2e-06,SPR,X-RAY DIFFRACTION,1.4,SKEMPI v2.0,"1OGA:A, B, C, D, E::PMID=18275829",TCR-pMHC
1QSE,"A, B, C","D, E",298.0,7.2e-06,SPR,X-RAY DIFFRACTION,2.8,SKEMPI v2.0,"1QSE:A, B, C, D, E::PMID=10435578",TCR-pMHC
2AK4,"A, B, C","D, E",298.0,1.87e-05,SPR,X-RAY DIFFRACTION,2.5,SKEMPI v2.0,"2AK4:A, B, C, D, E::PMID=22343629",TCR-pMHC
2BNQ,"A, B, C","D, E",298.0,5.7e-06,SPR,X-RAY DIFFRACTION,1.7,SKEMPI v2.0,"2BNQ:A, B, C, D, E::PMID=15837811",TCR-pMHC
2BNR,"A, B, C","D, E",298.0,3.2e-06,SPR,X-RAY DIFFRACTION,1.9,SKEMPI v2.0,"2BNR:A, B, C, D, E::PMID=27734930",TCR-pMHC
2E7L,"E, Q","A, D",298.0,3.6e-08,SPR,X-RAY DIFFRACTION,2.5,SKEMPI v2.0,"2E7L:A, D, E, Q::PMID=19595460",TCR-pMHC
2J8U,"A, B, C","E, F",298.0,3.18e-05,SPR,X-RAY DIFFRACTION,2.88,SKEMPI v2.0,"2J8U:A, B, C, E, F::PMID=17825839",TCR-pMHC
2JCC,"A, B, C","E, F",298.0,1.54e-05,SPR,X-RAY DIFFRACTION,2.5,SKEMPI v2.0,"2JCC:A, B, C, E, F::PMID=17825839",TCR-pMHC
2OI9,"A, Q","B, C",298.0,1.6e-06,SPR,X-RAY DIFFRACTION,2.35,SKEMPI v2.0,"2OI9:A, B, C, Q::PMID=19595460",TCR-pMHC
2P5E,"A, B, C","D, E",298.0,4.77e-11,SPR,X-RAY DIFFRACTION,1.89,SKEMPI v2.0,"2P5E:A, B, C, D, E::PMID=17644531",TCR-pMHC
2PYE,"A, B, C","D, E",298.0,8.15e-08,SPR,X-RAY DIFFRACTION,2.3,SKEMPI v2.0,"2PYE:A, B, C, D, E::PMID=17644531",TCR-pMHC
2UWE,"A, B, C","E, F",298.0,4.7e-06,SPR,X-RAY DIFFRACTION,2.4,SKEMPI v2.0,"2UWE:A, B, C, E, F::PMID=17825839",TCR-pMHC
2VLR,"A, B, C","D, E",298.0,4.9e-06,SPR,X-RAY DIFFRACTION,2.3,SKEMPI v2.0,"2VLR:A, B, C, D, E::PMID=18275829",TCR-pMHC
3C60,"C, D","A, B",298.0,1.2e-05,SPR,X-RAY DIFFRACTION,3.05,SKEMPI v2.0,"3C60:A, B, C, D::PMID=22101158",TCR-pMHC
3D3V,"A, B, C","D, E",298.0,8.65e-07,SPR,X-RAY DIFFRACTION,2.8,SKEMPI v2.0,"3D3V:A, B, C, D, E::PMID=23736024",TCR-pMHC
3H9S,"A, B, C","D, E",298.0,4.1e-06,SPR,X-RAY DIFFRACTION,2.7,SKEMPI v2.0,"3H9S:A, B, C, D, E::PMID=20064447",TCR-pMHC
3HG1,"A, B, C","D, E",298.0,2.6e-05,SPR,X-RAY DIFFRACTION,3.0,SKEMPI v2.0,"3HG1:A, B, C, D, E::PMID=24196962",TCR-pMHC
3PWP,"A, B, C","D, E",298.0,0.00014,SPR,X-RAY DIFFRACTION,2.69,SKEMPI v2.0,"3PWP:A, B, C, D, E::PMID=21282516",TCR-pMHC
3QDG,"A, B, C","D, E",298.0,9.5e-06,SPR,X-RAY DIFFRACTION,2.69,SKEMPI v2.0,"3QDG:A, B, C, D, E::PMID=24550723",TCR-pMHC
3QDJ,"A, B, C","D, E",298.0,4.3e-05,SPR,X-RAY DIFFRACTION,2.3,SKEMPI v2.0,"3QDJ:A, B, C, D, E::PMID=24550723",TCR-pMHC
3QFJ,"A, B, C","D, E",277.0,1.2e-06,ITC,X-RAY DIFFRACTION,2.29,SKEMPI v2.0,"3QFJ:A, B, C, D, E::PMID=22019736",TCR-pMHC
3QIB,"A, B, P","C, D",298.0,1.37e-05,SPR,X-RAY DIFFRACTION,2.7,SKEMPI v2.0,"3QIB:A, B, C, D, P::PMID=21490152",TCR-pMHC
4FTV,"A, B, C","D, E",298.0,1.87e-06,SPR,X-RAY DIFFRACTION,2.74,SKEMPI v2.0,"4FTV:A, B, C, D, E::PMID=23736024",TCR-pMHC
4JFD,"A, B, C","D, E",298.0,3.6e-05,SPR,X-RAY DIFFRACTION,2.46,SKEMPI v2.0,"4JFD:A, B, C, D, E::PMID=23698002",TCR-pMHC
4JFE,"A, B, C","D, E",298.0,3.1e-05,SPR,X-RAY DIFFRACTION,2.7,SKEMPI v2.0,"4JFE:A, B, C, D, E::PMID=23698002",TCR-pMHC
4JFF,"A, B, C","D, E",298.0,6e-10,SPR,X-RAY DIFFRACTION,2.43,SKEMPI v2.0,"4JFF:A, B, C, D, E::PMID=23698002",TCR-pMHC
4L3E,"A, B, C","D, E",298.0,2.4e-08,SPR,X-RAY DIFFRACTION,2.56,SKEMPI v2.0,"4L3E:A, B, C, D, E::PMID=24550723",TCR-pMHC
4MNQ,"A, B, C","D, E",298.0,2e-09,SPR,X-RAY DIFFRACTION,2.74,SKEMPI v2.0,"4MNQ:A, B, C, D, E::PMID=24196962",TCR-pMHC
4N8V,G,"A, B, C",298.0,2.22e-05,SPR,X-RAY DIFFRACTION,2.5,SKEMPI v2.0,"4N8V:A, B, C, G::PMID=24550293",TCR-pMHC
4OZG,"A, B, J","G, H",293.0,1.58e-05,SPR,X-RAY DIFFRACTION,3.0,SKEMPI v2.0,"4OZG:A, B, G, H, J::PMID=24777060",TCR-pMHC
4P23,"C, D","A, B",298.0,6e-06,SPR,X-RAY DIFFRACTION,2.25,SKEMPI v2.0,"4P23:A, B, C, D::PMID=22101158",TCR-pMHC
4P5T,"C, D","A, B",298.0,6e-06,SPR,X-RAY DIFFRACTION,3.26,SKEMPI v2.0,"4P5T:A, B, C, D::PMID=24813203",TCR-pMHC
5E9D,"A, B, C","D, E",298.0,1.37e-07,FL,X-RAY DIFFRACTION,2.51,SKEMPI v2.0,"5E9D:A, B, C, D, E::PMID=27681597",TCR-pMHC
2VLR,"A, B, C","D, E",298.0,5.2e-06,SPR,X-RAY DIFFRACTION,2.3,SKEMPI v2.0,"2VLR:A, B, C, D, E:E_A95S:PMID=18275829",TCR-pMHC
1OGA,"A, B, C","D, E",298.0,7.4e-05,SPR,X-RAY DIFFRACTION,1.4,SKEMPI v2.0,"1OGA:A, B, C, D, E:E_D28A:PMID=18275829",TCR-pMHC
1OGA,"A, B, C","D, E",298.0,0.0002,SPR,X-RAY DIFFRACTION,1.4,SKEMPI v2.0,"1OGA:A, B, C, D, E:E_D28S:PMID=18275829",TCR-pMHC
1OGA,"A, B, C","D, E",298.0,0.0002,SPR,X-RAY DIFFRACTION,1.4,SKEMPI v2.0,"1OGA:A, B, C, D, E:E_Q48A:PMID=18275829",TCR-pMHC
1OGA,"A, B, C","D, E",298.0,0.0002,SPR,X-RAY DIFFRACTION,1.4,SKEMPI v2.0,"1OGA:A, B, C, D, E:E_Q48E:PMID=18275829",TCR-pMHC
1OGA,"A, B, C","D, E",298.0,0.0002,SPR,X-RAY DIFFRACTION,1.4,SKEMPI v2.0,"1OGA:A, B, C, D, E:E_I49A:PMID=18275829",TCR-pMHC
1OGA,"A, B, C","D, E",298.0,0.0002,SPR,X-RAY DIFFRACTION,1.4,SKEMPI v2.0,"1OGA:A, B, C, D, E:E_I49G:PMID=18275829",TCR-pMHC
1OGA,"A, B, C","D, E",298.0,0.0002,SPR,X-RAY DIFFRACTION,1.4,SKEMPI v2.0,"1OGA:A, B, C, D, E:E_I49N:PMID=18275829",TCR-pMHC
1OGA,"A, B, C","D, E",298.0,7.3e-06,SPR,X-RAY DIFFRACTION,1.4,SKEMPI v2.0,"1OGA:A, B, C, D, E:E_I49V:PMID=18275829",TCR-pMHC
1OGA,"A, B, C","D, E",298.0,5.7e-05,SPR,X-RAY DIFFRACTION,1.4,SKEMPI v2.0,"1OGA:A, B, C, D, E:E_I49L:PMID=18275829",TCR-pMHC
1OGA,"A, B, C","D, E",298.0,3.5e-05,SPR,X-RAY DIFFRACTION,1.4,SKEMPI v2.0,"1OGA:A, B, C, D, E:E_N51A:PMID=18275829",TCR-pMHC
1OGA,"A, B, C","D, E",298.0,1.2e-05,SPR,X-RAY DIFFRACTION,1.4,SKEMPI v2.0,"1OGA:A, B, C, D, E:E_N51D:PMID=18275829",TCR-pMHC
1OGA,"A, B, C","D, E",298.0,6.5e-06,SPR,X-RAY DIFFRACTION,1.4,SKEMPI v2.0,"1OGA:A, B, C, D, E:E_D52A:PMID=18275829",TCR-pMHC
1OGA,"A, B, C","D, E",298.0,1.2e-05,SPR,X-RAY DIFFRACTION,1.4,SKEMPI v2.0,"1OGA:A, B, C, D, E:E_Q54A:PMID=18275829",TCR-pMHC
1OGA,"A, B, C","D, E",298.0,5.2e-06,SPR,X-RAY DIFFRACTION,1.4,SKEMPI v2.0,"1OGA:A, B, C, D, E:E_Q54E:PMID=18275829",TCR-pMHC
1OGA,"A, B, C","D, E",298.0,0.0002,SPR,X-RAY DIFFRACTION,1.4,SKEMPI v2.0,"1OGA:A, B, C, D, E:E_R94A:PMID=18275829",TCR-pMHC
1OGA,"A, B, C","D, E",298.0,0.0002,SPR,X-RAY DIFFRACTION,1.4,SKEMPI v2.0,"1OGA:A, B, C, D, E:E_R94H:PMID=18275829",TCR-pMHC
1OGA,"A, B, C","D, E",298.0,4.9e-06,SPR,X-RAY DIFFRACTION,1.4,SKEMPI v2.0,"1OGA:A, B, C, D, E:E_S95A:PMID=18275829",TCR-pMHC
1OGA,"A, B, C","D, E",298.0,7.7e-06,SPR,X-RAY DIFFRACTION,1.4,SKEMPI v2.0,"1OGA:A, B, C, D, E:E_Y97A:PMID=18275829",TCR-pMHC
1OGA,"A, B, C","D, E",298.0,1.2e-05,SPR,X-RAY DIFFRACTION,1.4,SKEMPI v2.0,"1OGA:A, B, C, D, E:E_Y97F:PMID=18275829",TCR-pMHC
1OGA,"A, B, C","D, E",298.0,1.5e-05,SPR,X-RAY DIFFRACTION,1.4,SKEMPI v2.0,"1OGA:A, B, C, D, E:D_S29A:PMID=18275829",TCR-pMHC
1OGA,"A, B, C","D, E",298.0,3e-05,SPR,X-RAY DIFFRACTION,1.4,SKEMPI v2.0,"1OGA:A, B, C, D, E:D_S30A:PMID=18275829",TCR-pMHC
1OGA,"A, B, C","D, E",298.0,2.7e-05,SPR,X-RAY DIFFRACTION,1.4,SKEMPI v2.0,"1OGA:A, B, C, D, E:D_Q32A:PMID=18275829",TCR-pMHC
2P5E,"A, B, C","D, E",298.0,1.31e-09,SPR,X-RAY DIFFRACTION,1.89,SKEMPI v2.0,"2P5E:A, B, C, D, E:D_D98G, D_L96T, D_L97S, D_P53F, D_T100S, D_T52P, E_A49S, E_I50V, E_L94V, E_Q51G, E_T52M:PMID=17644531",TCR-pMHC
2P5E,"A, B, C","D, E",298.0,8.15e-08,SPR,X-RAY DIFFRACTION,1.89,SKEMPI v2.0,"2P5E:A, B, C, D, E:D_P53S, D_T52Q, D_W54S, E_A49G, E_I50A, E_Q51G:PMID=17644531",TCR-pMHC
2P5E,"A, B, C","D, E",298.0,3.24e-05,SPR,X-RAY DIFFRACTION,1.89,SKEMPI v2.0,"2P5E:A, B, C, D, E:D_D98G, D_L96T, D_L97S, D_P53S, D_T100S, D_T52Q, D_W54S, E_A49G, E_I50A, E_L94V, E_Q51G, E_T52I:PMID=17644531",TCR-pMHC
2P5E,"A, B, C","D, E",298.0,2.4e-05,SPR,X-RAY DIFFRACTION,1.89,SKEMPI v2.0,"2P5E:A, B, C, D, E:D_D98G, D_L96T, D_L97S, D_P53S, D_T100S, D_T52Q, D_W54S, D_Y32D, E_A49G, E_I50A, E_L94V, E_Q51G, E_T52I:PMID=17644531",TCR-pMHC
2P5E,"A, B, C","D, E",298.0,1.8e-05,SPR,X-RAY DIFFRACTION,1.89,SKEMPI v2.0,"2P5E:A, B, C, D, E:D_Y32D:PMID=17644531",TCR-pMHC
2PYE,"A, B, C","D, E",298.0,4.77e-11,SPR,X-RAY DIFFRACTION,2.3,SKEMPI v2.0,"2PYE:A, B, C, D, E:D_Q52T, D_S53P, D_S54W, E_A51I, E_G50A, E_G52Q:PMID=17644531",TCR-pMHC
2PYE,"A, B, C","D, E",298.0,1.31e-09,SPR,X-RAY DIFFRACTION,2.3,SKEMPI v2.0,"2PYE:A, B, C, D, E:D_D98G, D_L96T, D_L97S, D_Q52P, D_S53F, D_S54W, D_T100S, E_A51V, E_G50S, E_L95V, E_T53M:PMID=17644531",TCR-pMHC
2PYE,"A, B, C","D, E",298.0,3.24e-05,SPR,X-RAY DIFFRACTION,2.3,SKEMPI v2.0,"2PYE:A, B, C, D, E:D_D98G, D_L96T, D_L97S, D_T100S, E_L95V, E_T53I:PMID=17644531",TCR-pMHC
2PYE,"A, B, C","D, E",298.0,2.4e-05,SPR,X-RAY DIFFRACTION,2.3,SKEMPI v2.0,"2PYE:A, B, C, D, E:D_D98G, D_L96T, D_L97S, D_T100S, D_Y32D, E_L95V, E_T53I:PMID=17644531",TCR-pMHC
2PYE,"A, B, C","D, E",298.0,1.8e-05,SPR,X-RAY DIFFRACTION,2.3,SKEMPI v2.0,"2PYE:A, B, C, D, E:D_Q52T, D_S53P, D_S54W, D_Y32D, E_A51I, E_G50A, E_G52Q:PMID=17644531",TCR-pMHC
3QDG,"A, B, C","D, E",298.0,6.8e-07,SPR,X-RAY DIFFRACTION,2.69,SKEMPI v2.0,"3QDG:A, B, C, D, E:D_D26W:PMID=24550723",TCR-pMHC
3QDG,"A, B, C","D, E",298.0,4.6e-07,SPR,X-RAY DIFFRACTION,2.69,SKEMPI v2.0,"3QDG:A, B, C, D, E:D_D26Y:PMID=24550723",TCR-pMHC
3QDG,"A, B, C","D, E",298.0,2.6e-05,SPR,X-RAY DIFFRACTION,2.69,SKEMPI v2.0,"3QDG:A, B, C, D, E:D_R27W:PMID=24550723",TCR-pMHC
3QDG,"A, B, C","D, E",298.0,2.9e-06,SPR,X-RAY DIFFRACTION,2.69,SKEMPI v2.0,"3QDG:A, B, C, D, E:E_L95W:PMID=24550723",TCR-pMHC
3QDG,"A, B, C","D, E",298.0,4.6e-05,SPR,X-RAY DIFFRACTION,2.69,SKEMPI v2.0,"3QDG:A, B, C, D, E:E_F97W:PMID=24550723",TCR-pMHC
3QDG,"A, B, C","D, E",298.0,8.9e-06,SPR,X-RAY DIFFRACTION,2.69,SKEMPI v2.0,"3QDG:A, B, C, D, E:E_T99F:PMID=24550723",TCR-pMHC
3QDG,"A, B, C","D, E",298.0,4.1e-05,SPR,X-RAY DIFFRACTION,2.69,SKEMPI v2.0,"3QDG:A, B, C, D, E:D_G28I:PMID=24550723",TCR-pMHC
3QDG,"A, B, C","D, E",298.0,9.9e-05,SPR,X-RAY DIFFRACTION,2.69,SKEMPI v2.0,"3QDG:A, B, C, D, E:D_G28L:PMID=24550723",TCR-pMHC
3QDG,"A, B, C","D, E",298.0,0.00012,SPR,X-RAY DIFFRACTION,2.69,SKEMPI v2.0,"3QDG:A, B, C, D, E:D_G28Y:PMID=24550723",TCR-pMHC
3QDG,"A, B, C","D, E",298.0,1.2e-05,SPR,X-RAY DIFFRACTION,2.69,SKEMPI v2.0,"3QDG:A, B, C, D, E:D_R27P:PMID=24550723",TCR-pMHC
3QDG,"A, B, C","D, E",298.0,6e-05,SPR,X-RAY DIFFRACTION,2.69,SKEMPI v2.0,"3QDG:A, B, C, D, E:D_G28P:PMID=24550723",TCR-pMHC
3QDG,"A, B, C","D, E",298.0,8.5e-06,SPR,X-RAY DIFFRACTION,2.69,SKEMPI v2.0,"3QDG:A, B, C, D, E:E_A52P:PMID=24550723",TCR-pMHC
3QDG,"A, B, C","D, E",298.0,4e-05,SPR,X-RAY DIFFRACTION,2.69,SKEMPI v2.0,"3QDG:A, B, C, D, E:D_G28N:PMID=24550723",TCR-pMHC
3QDG,"A, B, C","D, E",298.0,0.0001,SPR,X-RAY DIFFRACTION,2.69,SKEMPI v2.0,"3QDG:A, B, C, D, E:E_F97Y:PMID=24550723",TCR-pMHC
3QDG,"A, B, C","D, E",298.0,3.3e-08,SPR,X-RAY DIFFRACTION,2.69,SKEMPI v2.0,"3QDG:A, B, C, D, E:D_D26W, E_L95W:PMID=24550723",TCR-pMHC
3QDG,"A, B, C","D, E",298.0,2.4e-08,SPR,X-RAY DIFFRACTION,2.69,SKEMPI v2.0,"3QDG:A, B, C, D, E:D_D26Y, E_L95W:PMID=24550723",TCR-pMHC
3QDJ,"A, B, C","D, E",298.0,1.1e-06,SPR,X-RAY DIFFRACTION,2.3,SKEMPI v2.0,"3QDJ:A, B, C, D, E:D_D26W:PMID=24550723",TCR-pMHC
3QDJ,"A, B, C","D, E",298.0,4.5e-06,SPR,X-RAY DIFFRACTION,2.3,SKEMPI v2.0,"3QDJ:A, B, C, D, E:D_D26Y:PMID=24550723",TCR-pMHC
3QDJ,"A, B, C","D, E",298.0,6.2e-05,SPR,X-RAY DIFFRACTION,2.3,SKEMPI v2.0,"3QDJ:A, B, C, D, E:D_R27W:PMID=24550723",TCR-pMHC
3QDJ,"A, B, C","D, E",298.0,1.1e-05,SPR,X-RAY DIFFRACTION,2.3,SKEMPI v2.0,"3QDJ:A, B, C, D, E:E_L95W:PMID=24550723",TCR-pMHC
3QDJ,"A, B, C","D, E",298.0,8.3e-05,SPR,X-RAY DIFFRACTION,2.3,SKEMPI v2.0,"3QDJ:A, B, C, D, E:E_F97W:PMID=24550723",TCR-pMHC
3QDJ,"A, B, C","D, E",298.0,2.7e-05,SPR,X-RAY DIFFRACTION,2.3,SKEMPI v2.0,"3QDJ:A, B, C, D, E:E_T99F:PMID=24550723",TCR-pMHC
3QDJ,"A, B, C","D, E",298.0,3.6e-05,SPR,X-RAY DIFFRACTION,2.3,SKEMPI v2.0,"3QDJ:A, B, C, D, E:D_G28I:PMID=24550723",TCR-pMHC
3QDJ,"A, B, C","D, E",298.0,0.00013,SPR,X-RAY DIFFRACTION,2.3,SKEMPI v2.0,"3QDJ:A, B, C, D, E:D_G28L:PMID=24550723",TCR-pMHC
3QDJ,"A, B, C","D, E",298.0,0.00011,SPR,X-RAY DIFFRACTION,2.3,SKEMPI v2.0,"3QDJ:A, B, C, D, E:D_G28Y:PMID=24550723",TCR-pMHC
3QDJ,"A, B, C","D, E",298.0,4.6e-05,SPR,X-RAY DIFFRACTION,2.3,SKEMPI v2.0,"3QDJ:A, B, C, D, E:D_R27P:PMID=24550723",TCR-pMHC
3QDJ,"A, B, C","D, E",298.0,0.00034,SPR,X-RAY DIFFRACTION,2.3,SKEMPI v2.0,"3QDJ:A, B, C, D, E:D_G28P:PMID=24550723",TCR-pMHC
3QDJ,"A, B, C","D, E",298.0,6.1e-05,SPR,X-RAY DIFFRACTION,2.3,SKEMPI v2.0,"3QDJ:A, B, C, D, E:E_A52P:PMID=24550723",TCR-pMHC
3QDJ,"A, B, C","D, E",298.0,8.6e-05,SPR,X-RAY DIFFRACTION,2.3,SKEMPI v2.0,"3QDJ:A, B, C, D, E:D_G28N:PMID=24550723",TCR-pMHC
3QDJ,"A, B, C","D, E",298.0,0.00016,SPR,X-RAY DIFFRACTION,2.3,SKEMPI v2.0,"3QDJ:A, B, C, D, E:E_F97Y:PMID=24550723",TCR-pMHC
