Unnamed: 0,Source Data Set,Complex ID,PDB,Mutations,Ligand Chains,Receptor Chains,Ligand Name,Receptor Name,KD(M),Affinity Method,Structure Method,Temperature(K),Resolution(A),PDB PubMed ID,PDB Release Date,Affinity PubMed ID,Affinity Release Date,Subgroup,split
10963,PDBbind v2020,"4P2C:A, B, C, D, E, F, G, H, I, J, K::PMID=25053417",4P2C,,"G, H, I, J, K","A, B, C, D, E, F","A potent Stx2e-neutralizing nanobody, NbStx2e1",Shiga toxin 2e,3.95e-09,,X-RAY DIFFRACTION,,2.82,25053417.0,30/07/2014,25053417,2014 Sep 5,OTHER,train
12107,PDBbind v2020,"6PXH:A, C, D::PMID=31553909",6PXH,,"C, D",A,G2 Fab,MERS-CoV S1-NTD,2.8e-08,,X-RAY DIFFRACTION,,2.3,31553909.0,25/09/2019,31553909,2019 Sep 24,OTHER,train
11130,PDBbind v2020,"4W4O:A, B, C::PMID=25925696",4W4O,,C,"A, B",human receptor Fc-gamma-RI,"Ig gamma-1 chain C region, Fc",4.2e-09,,X-RAY DIFFRACTION,,1.8,25925696.0,29/04/2015,25925696,2015 Apr 30,OTHER,train
11813,PDBbind v2020,"5UV8:A, B, G, I::PMID=29374162",5UV8,,"B, I","A, G",Interleukin-3,Interleukin-3 receptor subunit alpha,1.406e-07,,X-RAY DIFFRACTION,,2.7,29374162.0,07/02/2018,29374162,2018 Jan 26,OTHER,train
10695,PDBbind v2020,"4HLZ:A, B, C, D, E, F, G, H, I, J, K, L::PMID=23552413",4HLZ,,"G, H, I, J, K, L","A, B, C, D, E, F",Fab C17,Influenza A virus (A/Japan/305/1957(H2N2)),2e-09,,X-RAY DIFFRACTION,,2.9,23552413.0,17/04/2013,23552413,2013 Jun,OTHER,train
8408,Affinity Benchmark v5.5,"1H1V:A, G::PMID=2836434",1H1V,,A,G,Actin,Gelsolin precursor C-term,2.5e-08,,X-RAY DIFFRACTION,295.15,2.99,12460571.0,24/01/2003,2836434,1988 May,OTHER,train
331,SKEMPI v2.0,"4YH7:A, B::PMID=25908590",4YH7,,A,B,PTP delta,IL1RAPL1,1.5e-07,SPR,X-RAY DIFFRACTION,298,4.4,25908590.0,06/05/2015,25908590,2015 Apr 24,OTHER,train
11578,PDBbind v2020,"5JTL:A, B, C, D, E::PMID=27501151",5JTL,,E,"A, B, C, D",unstructured proPhoA,chaperone SecB,5e-07,,SOLUTION NMR,,,27501151.0,24/08/2016,27501151,2016 Sep 8,OTHER,train
10317,PDBbind v2020,"3VYS:A, B, C::PMID=23123111",3VYS,,C,"A, B",Hydrogenase expression/formation protein HypE,Hydrogenase expression/formation protein HypC/HypD complex,1.9e-06,,X-RAY DIFFRACTION,,2.35,23123111.0,28/11/2012,23123111,2012 Dec 5,OTHER,train
12342,PDBbind v2020,"6A7V:A, C, D, E, G, H, K, U::PMID=30329074",6A7V,,"D, H, K, U","A, C, E, G",cognate antitoxin VapB11,Mycobacterium tuberculosis Ribonuclease VapC11,6e-10,,X-RAY DIFFRACTION,,1.67,30329074.0,10/10/2018,30329074,2018 Nov 30,OTHER,train
11940,PDBbind v2020,"6AQR:A, B, C, D, E::PMID=30150323",6AQR,,A,"B, C, D, E",monoubiquitin,SAGA DUB module Ubp8(C146A)/Sgf11/Sus1/Sgf73,4.3e-07,,X-RAY DIFFRACTION,,2.1,30150323.0,04/07/2018,30150323,2018 Oct,OTHER,train
10236,PDBbind v2020,"3UAJ:A, B, C, D, H, L::PMID=22139356",3UAJ,,"C, D, H, L","A, B",fab fragment of the chimpanzee monoclonal antibody 5H2,envelope glycoprotein ectodomain from dengue virus serotype 4,2.9e-09,,X-RAY DIFFRACTION,,3.23,22139356.0,14/12/2011,22139356,2012 Feb 1,OTHER,train
8526,PDBbind v2020,"1FAK:H, I, L, T::PMID=9925787",1FAK,,"I, T","H, L",58-mer,coagulation factor viia,4e-10,,X-RAY DIFFRACTION,,2.1,9925787.0,03/12/1999,9925787,1999 Feb 5,OTHER,train
11384,PDBbind v2020,"5D50:A, B, C, D, E, F, G, H::PMID=27099293",5D50,,"E, F, G, H","A, B, C, D",Anti-Repressor from Salmonella-temperate phage,Repressor from Salmonella-temperate phage,2.6e-06,,X-RAY DIFFRACTION,,2.49,27099293.0,27/04/2016,27099293,2016 May 3,OTHER,train
9734,PDBbind v2020,"3EIQ:A, C, D::PMID=19153607",3EIQ,,C,"A, D",358-mer,"Eukaryotic initiation factor 4A-I, eIF4A",1.1e-07,,X-RAY DIFFRACTION,,3.5,19153607.0,24/02/2009,19153607,2009 Feb 4,OTHER,train
10311,PDBbind v2020,"3VWK:A, B, C, D::PMID=22995911",3VWK,,"A, B","C, D","Antigen-presenting glycoprotein CD1d-4',4''-deoxy-a-GalCer",NKT15 T cell receptor,8.3e-07,,X-RAY DIFFRACTION,,2.94,22995911.0,03/10/2012,22995911,2012 Nov 9,OTHER,train
328,SKEMPI v2.0,"4Y61:A, B::PMID=25989451",4Y61,,A,B,PTP delta,Slitrk2 LRR1,3.56e-07,SPR,X-RAY DIFFRACTION,298,3.36,25989451.0,03/06/2015,25989451,2015 May 19,OTHER,train
8223,Affinity Benchmark v5.5,"5HYS:C, D, J, K::PMID=Jensen et al., 2015",5HYS,,"C, D","J, K",omalizumab (Xolair),IgE-Fc3-4,1e-08,,X-RAY DIFFRACTION,,2.5,27194387.0,01/06/2016,"Jensen et al., 2015",,OTHER,train
247,SKEMPI v2.0,"3NVN:A, B::PMID=20727575",3NVN,,B,A,Plexin-C1,A39R,9.4e-09,ITC,X-RAY DIFFRACTION,303,2.26,20727575.0,15/09/2010,20727575,2010 Sep 3,OTHER,train
8243,Affinity Benchmark v5.5,"3U7Y:G, H, L::PMID=Diskin et al., 2011",3U7Y,,"H, L",G,NIH45-46,HIV 93TH057 gp120,1.6e-07,,X-RAY DIFFRACTION,,2.45,22033520.0,16/11/2011,"Diskin et al., 2011",,OTHER,train
315,SKEMPI v2.0,"4O27:A, B::PMID=24746913",4O27,,A,B,MO25,MST3,2.5e-08,BLI,X-RAY DIFFRACTION,298(assumed),3.19,24746913.0,03/12/2014,24746913,2014 May,OTHER,train
8398,Affinity Benchmark v5.5,"1WDW:A, B, D::PMID=12643278",1WDW,,"B, D",A,Tryptophan synthase beta chain 1,Tryptophan synthase alpha chain,2.5e-09,,X-RAY DIFFRACTION,325.15,3.0,16114878.0,12/07/2005,12643278,2003 Mar 14,OTHER,train
10641,PDBbind v2020,"4GKO:A, B, G, H::PMID=23775083",4GKO,,"G, H","A, B",B cell receptor derCD23,calcium2+-bound human IgE-Fc(epsilon)3-4,0.0015,,X-RAY DIFFRACTION,,3.3,23775083.0,26/06/2013,23775083,2013 Jul 26,OTHER,train
10357,PDBbind v2020,"3ZET:A, B::PMID=23471679",3ZET,,B,A,PROBABLE TRNA THREONYLCARBAMOYLADENOSINE BIOSYNTHESIS PROTEIN GCP,PUTATIVE M22 PEPTIDASE YEAZ,2.9e-07,,X-RAY DIFFRACTION,,2.31,23471679.0,20/03/2013,23471679,2013 May,OTHER,train
314,SKEMPI v2.0,"4NZW:A, B::PMID=24746913",4NZW,,A,B,MO25,STK25,5.04e-07,BLI,X-RAY DIFFRACTION,298(assumed),3.58,24746913.0,03/12/2014,24746913,2014 May,OTHER,train
49,SKEMPI v2.0,"1JCK:A, B::PMID=9500785",1JCK,,A,B,Beta-chain of 14.3.d,Staphylococcal enterotoxin C3,3e-06,SPR,X-RAY DIFFRACTION,298,3.5,8906797.0,12/11/1997,9500785,1998 Mar 16,OTHER,train
11504,PDBbind v2020,"5GZN:B, C, D, G::PMID=27974667",5GZN,,"C, D","B, G",neutralizing antibody Z3L1,ZIKA soluble envelope (sE) protein,5.39e-06,,X-RAY DIFFRACTION,,3.0,27974667.0,28/12/2016,27974667,2016 Dec 14,OTHER,train
9549,PDBbind v2020,"2XTJ:A, B, D, P::PMID=20959675",2XTJ,,"B, D","A, P","FAB FROM A HUMAN MONOCLONAL ANTIBODY, 1D05","PROPROTEIN CONVERTASE SUBTILISIN/KEXIN TYPE 9, PCSK9",4.4e-09,,X-RAY DIFFRACTION,,2.7,20959675.0,03/11/2010,20959675,2011 Jan,OTHER,train
12206,PDBbind v2020,"6M7L:A, B::PMID=31197182",6M7L,,A,B,OxyA-kis,kistamicin X-domain,1.04e-05,,X-RAY DIFFRACTION,,2.65,31197182.0,22/05/2019,31197182,2019 Jun 13,OTHER,train
11038,PDBbind v2020,"4QD2:A, B, C, D, E::PMID=24948737",4QD2,,"A, B, E","C, D",E-cadherin (EC1-EC2),a monomeric HA subcomplex (mini-HA),2.7e-06,,X-RAY DIFFRACTION,,2.4,24948737.0,25/06/2014,24948737,2014 Jun 20,OTHER,train
12192,PDBbind v2020,"6MOE:A, B, C, D::PMID=31123111",6MOE,,"C, D","A, B","Erythropoietin receptor, EpoR",Monomeric DARPin E2,1.89e-09,,X-RAY DIFFRACTION,,2.09,31123111.0,05/06/2019,31123111,2019 May 24,OTHER,train
10932,PDBbind v2020,"4O1Q:A, B, C, D, E, F::PMID=24517455",4O1Q,,"C, D, E, F","A, B",pre-Methylamine Dehydrogenase,Q103N mutant Methylamine utilization protein MauG,6.2e-06,,X-RAY DIFFRACTION,,2.59,24517455.0,30/04/2014,24517455,2014 Mar 4,OTHER,train
11901,PDBbind v2020,"5XNP:B, E::PMID=29348579",5XNP,,E,B,"Receptor-type tyrosine-protein phosphatase delta, human PTP delta Ig1-3 (MeA-)","Leucine-rich repeat and fibronectin type-III domain-containing protein 5, human SALM5 LRR-Ig",2.818e-07,,X-RAY DIFFRACTION,,3.73,29348579.0,24/01/2018,29348579,2018 Jan 18,OTHER,train
329,SKEMPI v2.0,"4YEB:A, B::PMID=26235031",4YEB,,A,B,Latrophilin-3 OLF domain,FLRT3 LRR domain,1.69e-08,ITC,X-RAY DIFFRACTION,298,3.19,26235031.0,19/08/2015,26235031,2015 Sep 1,OTHER,train
12381,PDBbind v2020,"6FG1:A, D, H, L::PMID=31501610",6FG1,,"H, L","A, D",FAB OF NATALIZUMAB,FAB NAA32,9e-10,,X-RAY DIFFRACTION,,2.03,31501610.0,24/07/2019,31501610,2019 Sep,OTHER,train
124,SKEMPI v2.0,"1YY9:A, C, D::PMID=24380763",1YY9,,"C, D",A,Cetuximab fab,Epidermal growth factor receptor,1.31e-09,SPR,X-RAY DIFFRACTION,298,2.6,15837620.0,26/04/2005,24380763,2014 Apr 3,OTHER,train
333,SKEMPI v2.0,"5C6T:A, H, L::PMID=26365435",5C6T,,"H, L",A,1G2 fab,HCMV glycoprotein B,1.3e-10,SPR,X-RAY DIFFRACTION,298(assumed),3.6,26365435.0,23/09/2015,26365435,2015 Sep 14,OTHER,train
11050,PDBbind v2020,"4QZV:A, B::PMID=25211075",4QZV,,A,B,Bat-derived coronavirus HKU4-RBD,human CD26 (hCD26),3.57e-05,,X-RAY DIFFRACTION,,2.59,25211075.0,29/10/2014,25211075,2014 Sep 10,OTHER,train
12250,PDBbind v2020,"6IVZ:A, H, L::PMID=30625326",6IVZ,,"H, L",A,monoclonal antibody 5A,Envelope protein YFV-China sE,9.7e-09,,X-RAY DIFFRACTION,,2.4,30625326.0,13/02/2019,30625326,2019 Jan 8,OTHER,train
3,SKEMPI v2.0,"1AHW:A, B, C::PMID=9480775",1AHW,,"A, B",C,Immunoglobulin fab 5G9,Tissue factor,3.4e-09,IASP,X-RAY DIFFRACTION,298(assumed),3.0,9480775.0,25/02/1998,9480775,1998 Feb 6,OTHER,train
12273,PDBbind v2020,"6HHC:A, H, L::PMID=31655039",6HHC,,A,"H, L","human Coagulation factor XI, FXIa",Neutralizing Antibody BAY 1213790,2.4e-09,,X-RAY DIFFRACTION,,2.7,31655039.0,11/09/2019,31655039,2019 Dec 6,OTHER,train
9855,PDBbind v2020,"3HUG:A, B, C, D, E, F, G, H, I, J, K, L, M, N, O, P, Q, R, S, T::PMID=nan",3HUG,,"A, C, E, G, I, K, M, O, Q, S","B, D, F, H, J, L, N, P, R, T",92-mer,Mycobacterium tuberculosis RslA,2e-08,,X-RAY DIFFRACTION,,2.35,20184899.0,02/03/2010,,,OTHER,train
11465,PDBbind v2020,"5F6K:A, B, C, D, E, F::PMID=26886794",5F6K,,"C, E","A, B, D, F",RbBP5-Ash2L,MLL3,1.3e-07,,X-RAY DIFFRACTION,,2.41,26886794.0,24/02/2016,26886794,2016 Feb 25,OTHER,train
9966,PDBbind v2020,"3MCA:A, B::PMID=20890290",3MCA,,B,A,390-mer,"Elongation factor 1 alpha-like protein, Hsb1",3.9e-07,,X-RAY DIFFRACTION,,2.74,20890290.0,06/10/2010,20890290,2010 Oct,OTHER,train
9898,PDBbind v2020,"3K8P:C, D::PMID=20005805",3K8P,,C,D,357-mer,Protein transport protein SEC39,1e-08,,X-RAY DIFFRACTION,,2.6,20005805.0,10/11/2009,20005805,2009 Dec 11,OTHER,train
9686,PDBbind v2020,"3D7U:A, B::PMID=18614016",3D7U,,A,B,c-SrcKD,CskSH2KD,3e-05,,X-RAY DIFFRACTION,,4.11,18614016.0,05/08/2008,18614016,2008 Jul 11,OTHER,train
11661,PDBbind v2020,"5MHS:A, B, D, E::PMID=27928010",5MHS,,"D, E","A, B",5C6 Fab fragments,T1L reovirus sigma1,2e-09,,X-RAY DIFFRACTION,,3.7,27928010.0,21/12/2016,27928010,2017 Feb 15,OTHER,train
11345,PDBbind v2020,"5CJS:E, F, J, K::PMID=26303961",5CJS,,"E, F","J, K",in complex with an broadly neutralizing antibody CR9114,"Designed influenza hemagglutinin stem #4454, Mini-HA",9.5e-09,,X-RAY DIFFRACTION,,4.3,26303961.0,09/09/2015,26303961,2015 Sep 18,OTHER,train
11686,PDBbind v2020,"5NAN:A, B, F::PMID=28827714",5NAN,,B,"A, F","human Interleukin-17 receptors, IL-17RA","human Interleukin, IL-17AF",1.75e-08,,X-RAY DIFFRACTION,,3.3,28827714.0,06/09/2017,28827714,2017 Aug 21,OTHER,train
10944,PDBbind v2020,"4OQT:A, H, L::PMID=24756303",4OQT,,"H, L",A,Li81 Fab,LINGO-1 (leucine-rich repeat and Ig-containing Nogo receptor interacting protein-1),5e-11,,X-RAY DIFFRACTION,,3.23,24756303.0,14/05/2014,24756303,2014 Jul,OTHER,train
11565,PDBbind v2020,"5JDO:A, D, E::PMID=27083048",5JDO,,"D, E",A,haemoglobin (Hb),T. congolense haptoglobin-haemoglobin receptor (TcHpHbR),3e-09,,X-RAY DIFFRACTION,,3.2,27083048.0,27/04/2016,27083048,2016 Apr 15,OTHER,train
8585,PDBbind v2020,"1I4E:A, B::PMID=11260720",1I4E,,A,B,EARLY P35 KDA PROTEIN,CASPASE-8,1.2e-07,,X-RAY DIFFRACTION,,3.0,11260720.0,28/03/2001,11260720,2001 Mar 22,OTHER,train
11560,PDBbind v2020,"5J4A:A, B, C, D::PMID=27445337",5J4A,,"B, D","A, C",CdiIE479 toxin/immunity protein,CdiA-CT toxin from Burkholderia pseudomallei E479,7.2e-08,,X-RAY DIFFRACTION,,2.0,27445337.0,27/07/2016,27445337,2016 Sep 9,OTHER,train
11572,PDBbind v2020,"5JKE:A, B::PMID=27309808",5JKE,,B,A,"Sperm-egg fusion protein Juno, JUNO","Izumo sperm-egg fusion protein 1, human IZUMO1",9.1e-08,,X-RAY DIFFRACTION,,2.86,27309808.0,22/06/2016,27309808,2016 Jun 23,OTHER,train
10809,PDBbind v2020,"4KV5:C, D, E, G::PMID=25209176",4KV5,,"E, G","C, D",scFv GC1009 FAB,Transforming growth factor beta-1 (TGF beta-1),1.7e-09,,X-RAY DIFFRACTION,,3.0,25209176.0,24/09/2014,25209176,2014 Dec,OTHER,train
10454,PDBbind v2020,"4C1N:C, D, J::PMID=25109607",4C1N,,"C, J",D,"IRON-SULFUR CLUSTER BINDING PROTEIN, RACo","CO DEHYDROGENASE/ACETYL-COA SYNTHASE, CoFeSP",1.81e-08,,X-RAY DIFFRACTION,,2.53,25109607.0,13/08/2014,25109607,2014 Aug 11,OTHER,train
9996,PDBbind v2020,"3NOG:A, B, C, D, E::PMID=21296164",3NOG,,"D, E","A, B, C",Designed ankyrin repeat protein (DARPinDARPin#3),"Acriflavine resistance protein B, AcrB",2.24e-08,,X-RAY DIFFRACTION,,3.34,21296164.0,18/05/2011,21296164,2011 May,OTHER,train
11939,PDBbind v2020,"6AOD:A, B, C::PMID=29336885",6AOD,,C,"A, B",Human Coagulation factor XI Protease Domain (FXIaiPD),FXIa Antibody DEF Fab,1.62e-10,,X-RAY DIFFRACTION,,1.8,29336885.0,14/03/2018,29336885,2018 Feb 6,OTHER,train
11076,PDBbind v2020,"4RWT:A, D::PMID=26417072",4RWT,,D,A,Lmod2 (162-495) (B-GS),Actin-5C,2.3e-07,,X-RAY DIFFRACTION,,2.98,26417072.0,14/10/2015,26417072,2015 Oct 13,OTHER,train
245,SKEMPI v2.0,"3NGB:G, H, L::PMID=20616231",3NGB,,"H, L",G,VRC01 fab,gp120,5.76e-09,SPR,X-RAY DIFFRACTION,298,2.68,20616231.0,07/07/2010,20616231,2010 Aug 13,OTHER,train
9692,PDBbind v2020,"3DCO:A, B, N::PMID=19135893",3DCO,,"A, B",N,445-mer,Kinesin-like protein Nod,1.16e-05,,ELECTRON MICROSCOPY,,11.0,19135893.0,10/02/2009,19135893,2009 Jan 9,OTHER,train
10881,PDBbind v2020,"4MNE:A, B, C, D::PMID=25155755",4MNE,,"B, C","A, D","Serine/threonine-protein kinase B-raf, BRAF","Dual specificity mitogen-activated protein kinase kinase 1, MEK1",4.3e-08,,X-RAY DIFFRACTION,,2.85,25155755.0,18/06/2014,25155755,2014 Sep 8,OTHER,train
12121,PDBbind v2020,"6PDX:B, M, N::PMID=31826999",6PDX,,"M, N",B,C585 Fab,influenza virus hemagglutinin from A/Switzerland/9715293/2013 (H3N2),9.74e-12,,X-RAY DIFFRACTION,,3.99,31826999.0,18/12/2019,31826999,2020 Feb 28,OTHER,train
8269,Affinity Benchmark v5.5,"1EZU:A, B, C::PMID=9642073",1EZU,,C,"A, B",D102N Trypsin,Y69F D70P Ecotin,8e-11,,X-RAY DIFFRACTION,300.15,2.4,10843853.0,23/06/2000,9642073,1998 Jun 19,OTHER,train
10344,PDBbind v2020,"3WRX:A, C::PMID=nan",3WRX,,C,A,helicase domain of the replication proteins (ToMV-Hel),Tm-1 protein,2.1e-06,,X-RAY DIFFRACTION,,2.5,25092327.0,13/08/2014,,,OTHER,train
334,SKEMPI v2.0,"5CXB:A, B::PMID=26476442",5CXB,,A,B,C. thermophilum YTM1,C. thermophilum ERB1,2.7e-09,BLI,X-RAY DIFFRACTION,298(assumed),2.1,26476442.0,04/11/2015,26476442,2015 Dec 15,OTHER,train
11892,PDBbind v2020,"5XFS:A, B, C::PMID=28842489",5XFS,,C,"A, B",ESX-5 secretion-associated protein EspG5,PE family protein PE8 (1-99) and PPE family protein PPE15	 (1-194),1.322e-07,,X-RAY DIFFRACTION,,2.9,28842489.0,30/08/2017,28842489,2017 Oct 13,OTHER,train
12029,PDBbind v2020,"6EYD:A, B, C, D, E, F::PMID=30478083",6EYD,,F,"A, B, C, D, E",RNA polymerase sigma factor SigA,DNA-directed RNA polymerase core,9e-08,,ELECTRON MICROSCOPY,,4.2,30478083.0,12/12/2018,30478083,2019 Feb 15,OTHER,train
8827,PDBbind v2020,"1UL1:A, X::PMID=15616578",1UL1,,A,X,PCNA,FEN1,6e-08,,X-RAY DIFFRACTION,,2.9,15616578.0,01/03/2005,15616578,2005 Feb 23,OTHER,train
222,SKEMPI v2.0,"3F1S:A, B::PMID=25713144",3F1S,,A,B,Z-dependent protease inhibitor,Protein A/Z,2.1e-09,Other,X-RAY DIFFRACTION,298,2.3,19528533.0,30/06/2009,25713144,2015 Apr 10,OTHER,train
12106,PDBbind v2020,"6Q0H:A, H, L::PMID=31843892",6Q0H,,"H, L",A,Inferred intermediate I-7 (I-7-0) of the human antibody lineage 652,influenza hemagglutinin head domain of A/Beijing/262/95(H1N1),1.8e-06,,X-RAY DIFFRACTION,,2.75,31843892.0,18/12/2019,31843892,2019 Dec 26,OTHER,train
10410,PDBbind v2020,"4APF:A, B::PMID=23349464",4APF,,B,A,CULLIN-3 N-TERMINAL DOMAIN Delta 22 (23-388),"BTB AND BACK DOMAIN of human KELCH-LIKE PROTEIN 11, KLHL11",6.5e-07,,X-RAY DIFFRACTION,,3.1,23349464.0,09/05/2012,23349464,2013 Mar 15,OTHER,train
11261,PDBbind v2020,"5A3I:A, B, C, D::PMID=26170284",5A3I,,"C, D","A, B",FLD194 Fab,Transmissible Mutant H5 Haemagglutinin,3.6e-08,,X-RAY DIFFRACTION,,2.89,26170284.0,22/07/2015,26170284,2015 Jul 28,OTHER,train
12396,PDBbind v2020,"6UDA:A, C, D::PMID=31527908",6UDA,,"C, D",A,CH235 UCA Fab,Man5-enriched CH505.N279K.G458Y.SOSIP.664,9e-09,,ELECTRON MICROSCOPY,,4.2,31527908.0,02/10/2019,31527908,2019 Sep,OTHER,train
9813,PDBbind v2020,"3GNI:A, B::PMID=19513107",3GNI,,B,A,389-mer,Protein Mo25 alpha,1.2e-08,,X-RAY DIFFRACTION,,2.35,19513107.0,16/06/2009,19513107,2009 Jun 9,OTHER,train
12022,PDBbind v2020,"6EG0:A, B::PMID=30467080",6EG0,,B,A,"Dpr-interacting protein eta, DIP-Eta Ig1-Ig3","Defective proboscis extension response 4, Dpr4 Ig1-Ig2",7.77e-05,,X-RAY DIFFRACTION,,2.9,30467080.0,28/11/2018,30467080,2018 Dec 19,OTHER,train
8341,Affinity Benchmark v5.5,"1JMO:A, H, L::PMID=9162031",1JMO,,A,"H, L",Heparin cofactor,Thrombin,1.2e-07,,X-RAY DIFFRACTION,,2.2,12169660.0,30/08/2002,9162031,1997 May 30,OTHER,train
12285,PDBbind v2020,"6H2Y:D, H, L::PMID=31442074",6H2Y,,"H, L",D,human Fab 1E6,fHbp variant 3 from Neisseria meningitidis serogroup B,2.7e-09,,X-RAY DIFFRACTION,,2.65,31442074.0,14/08/2019,31442074,2019 Nov,OTHER,train
51,SKEMPI v2.0,"1JTD:A, B::PMID=24947275",1JTD,,A,B,TEM-1 beta-lactamase,BLIP-II,1.5e-12,Other,X-RAY DIFFRACTION,296,2.3,11573088.0,03/10/2001,24947275,2014 Sep,OTHER,train
12164,PDBbind v2020,"6NRW:A, B, C, D::PMID=30688651",6NRW,,"B, D","A, C","Dpr-interacting protein eta, isoform B, DIP-eta IG1",DPR1,2.3e-05,,X-RAY DIFFRACTION,,2.4,30688651.0,06/02/2019,30688651,2019 Jan 28,OTHER,train
