row_index,dataset,split,pdb_id,complex_id,ligand_chains,receptor_chains,temperature_k,experimental_delta_g,prodigy_estimate,feature_path,feature_available,experimental_available,prodigy_available,latent_available,estimate_direct_from_latent,estimate_predicted_correction,estimate_corrected_from_prodigy
0,src/bridging/processedData/PPB_Affinity_diverse100.csv,train,3R9A,"3R9A:A, B, C::PMID=22529745","A, C",B,298.0,-7.439494161986684,-10.75,,False,True,True,False,,,
1,src/bridging/processedData/PPB_Affinity_diverse100.csv,train,3QIB,"3QIB:A, B, C, D, P::PMID=21490152","A, B, P","C, D",298.0,-6.631376498617138,-13.369,src/bridging/generatedData/MD_datasets/PPB_Affinity_diverse100/3QIB/features/contact_distance_fp16.npy,True,True,True,True,0.4850688576698303,0.8530135750770569,-12.515986424922943
2,src/bridging/processedData/PPB_Affinity_diverse100.csv,test,3RVW,"3RVW:A, C, D::PMID=22210776","C, D",A,298.0,-10.52838781273466,-10.933,,False,True,True,False,,,
3,src/bridging/processedData/PPB_Affinity_diverse100.csv,train,4X4M,"4X4M:A, B, E::PMID=25561553","A, B",E,298.0,-10.984186500028427,-11.072,,False,True,True,False,,,
4,src/bridging/processedData/PPB_Affinity_diverse100.csv,train,4JGH,"4JGH:A, B, C, D::PMID=23897481","A, B, C",D,298.0,-10.29664697162139,-8.563,,False,True,True,False,,,
5,src/bridging/processedData/PPB_Affinity_diverse100.csv,train,3VR6,"3VR6:A, B, C, D, E, F, G, H::PMID=24058539","A, B, C, D, E, F","G, H",298.0,-11.993715935332624,-19.986,,False,True,True,False,,,
6,src/bridging/processedData/PPB_Affinity_diverse100.csv,test,4OFY,"4OFY:A, D::PMID=24485456",A,D,298.0,-8.493821123548217,-11.336,src/bridging/generatedData/MD_datasets/PPB_Affinity_diverse100/4OFY/features/contact_distance_fp16.npy,True,True,True,True,0.4850688576698303,0.8530135750770569,-10.482986424922943
7,src/bridging/processedData/PPB_Affinity_diverse100.csv,test,2XTJ,"2XTJ:A, B, D::PMID=20959675","B, D",A,298.15,-11.400394725382977,-10.465,,False,True,True,False,,,
8,src/bridging/processedData/PPB_Affinity_diverse100.csv,train,3DXA,"3DXA:A, C, D, E:A_Y116D:PMID=19139173","A, C","D, E",298.15,-7.094984121216235,-11.479,,False,True,True,False,,,
9,src/bridging/processedData/PPB_Affinity_diverse100.csv,train,3BN9,"3BN9:B, C, D::PMID=17475279",B,"C, D",298.0,-14.876576154165342,-9.669,,False,True,True,False,,,
10,src/bridging/processedData/PPB_Affinity_diverse100.csv,train,4GXU,"4GXU:A, B, C, D, E, F, M, N::PMID=23236279","A, B, C, D, E, F","M, N",298.0,-11.19157178025687,-9.273,,False,True,True,False,,,
11,src/bridging/processedData/PPB_Affinity_diverse100.csv,test,3N85,"3N85:A, H, L::PMID=20654626",A,"H, L",298.0,-12.411637583648416,-11.344,,False,True,True,False,,,
12,src/bridging/processedData/PPB_Affinity_diverse100.csv,train,4K71,"4K71:A, B, C::PMID=24120761",A,"B, C",298.0,-11.621462141435876,-16.565,src/bridging/generatedData/MD_datasets/PPB_Affinity_diverse100/4K71/features/contact_distance_fp16.npy,True,True,True,True,0.47400471568107605,1.0002034902572632,-15.564796509742738
13,src/bridging/processedData/PPB_Affinity_diverse100.csv,test,1MI5,"1MI5:A, B, C, D, E::PMID=15640805","A, B, C","D, E",298.0,-6.6856606039871505,-10.877,src/bridging/generatedData/MD_datasets/PPB_Affinity_diverse100/1MI5/features/contact_distance_fp16.npy,True,True,True,True,-1.4546191692352295,-2.5853700637817383,-13.462370063781739
14,src/bridging/processedData/PPB_Affinity_diverse100.csv,train,2C5D,"2C5D:A, B, C, D::PMID=16362042","A, B","C, D",298.0,-11.318957914654627,-23.445,,False,True,True,False,,,
15,src/bridging/processedData/PPB_Affinity_diverse100.csv,train,4HSA,"4HSA:A, B, C::PMID=23695682","A, B",C,298.0,-11.738982181503733,-16.193,,False,True,True,False,,,
16,src/bridging/processedData/PPB_Affinity_diverse100.csv,train,5C6T,"5C6T:A, H, L::PMID=26365435","H, L",A,298.0,-13.480237897656203,-9.314,,False,True,True,False,,,
17,src/bridging/processedData/PPB_Affinity_diverse100.csv,train,4JEU,"4JEU:A, B::PMID=23858467",A,B,298.0,-12.07279147265416,-15.95,,False,True,True,False,,,
18,src/bridging/processedData/PPB_Affinity_diverse100.csv,train,4P5T,"4P5T:A, B, C, D::PMID=24813203","C, D","A, B",298.0,-7.120307511775431,-9.838,,False,True,True,False,,,
19,src/bridging/processedData/PPB_Affinity_diverse100.csv,train,1NMB,"1NMB:H, L, N::PMID=9579662",N,"H, L",298.0,-10.011246803652197,-9.358,,False,True,True,False,,,
20,src/bridging/processedData/PPB_Affinity_diverse100.csv,train,3NGB,"3NGB:G, H, L::PMID=20616231","H, L",G,298.0,-11.235163731896284,-12.874,,False,True,True,False,,,
21,src/bridging/processedData/PPB_Affinity_diverse100.csv,train,3G6J,"3G6J:C, D, G, H::PMID=19196712","G, H","C, D",298.15,-11.89793434983571,-9.173,,False,True,True,False,,,
22,src/bridging/processedData/PPB_Affinity_diverse100.csv,train,3LZF,"3LZF:A, B, H, L::PMID=23236279","A, B","H, L",298.0,-11.72943057331856,-8.364,,False,True,True,False,,,
23,src/bridging/processedData/PPB_Affinity_diverse100.csv,train,3W2D,"3W2D:A, H, L::PMID=24423621",A,"H, L",298.0,-12.595648086553252,-10.29,,False,True,True,False,,,
24,src/bridging/processedData/PPB_Affinity_diverse100.csv,train,4PWX,"4PWX:A, B, C, D::PMID=24727835","A, B","C, D",298.0,-8.5462612826658,-8.174,,False,True,True,False,,,
25,src/bridging/processedData/PPB_Affinity_diverse100.csv,test,3QDM,"3QDM:A, C, D, E:C_A2L:PMID=21795600","A, C","D, E",298.15,-6.19040997770453,-11.946,,False,True,True,False,,,
26,src/bridging/processedData/PPB_Affinity_diverse100.csv,train,1FYT,"1FYT:A, B, C, D, E::PMID=22314361","A, B, C","D, E",298.15,-5.867667324555249,-12.645,,False,True,True,False,,,
27,src/bridging/processedData/PPB_Affinity_diverse100.csv,test,4ZS6,"4ZS6:A, H, L::PMID=26281793","H, L",A,298.0,-8.871114836113074,-8.826,,False,True,True,False,,,
28,src/bridging/processedData/PPB_Affinity_diverse100.csv,train,3QHY,"3QHY:A, B::PMID=23625930",A,B,298.0,-17.07570476943122,-10.672,,False,True,True,False,,,
29,src/bridging/processedData/PPB_Affinity_diverse100.csv,train,1YY9,"1YY9:A, C, D::PMID=24380763","C, D",A,298.0,-12.112139388038049,-10.667,,False,True,True,False,,,
30,src/bridging/processedData/PPB_Affinity_diverse100.csv,train,3H42,"3H42:A, B, H, L::PMID=19443683","H, L","A, B",298.15,-15.549605611574268,-9.393,,False,True,True,False,,,
31,src/bridging/processedData/PPB_Affinity_diverse100.csv,train,1DVF,"1DVF:A, B, C, D::PMID=8703938","A, B","C, D",298.0,-10.862909937999538,-11.96,,False,True,True,False,,,
32,src/bridging/processedData/PPB_Affinity_diverse100.csv,train,3HH2,"3HH2:A, B, C::PMID=22052913","A, B",C,298.0,-11.18209658821079,-15.413,,False,True,True,False,,,
33,src/bridging/processedData/PPB_Affinity_diverse100.csv,test,4QOK,"4QOK:A, C, D, E::PMID=25471691","A, C","D, E",298.0,-7.082088647008244,-13.123,,False,True,True,False,,,
34,src/bridging/processedData/PPB_Affinity_diverse100.csv,train,3O6F,"3O6F:A, B, C, D, E:D_T29A:PMID=21297580","A, B, C","D, E",298.15,-8.699463108438625,-23.533,,False,True,True,False,,,
35,src/bridging/processedData/PPB_Affinity_diverse100.csv,train,3R1G,"3R1G:B, H, L::PMID=21613622","H, L",B,298.15,-12.122776239268436,-11.828,,False,True,True,False,,,
36,src/bridging/processedData/PPB_Affinity_diverse100.csv,train,4YEB,"4YEB:A, B::PMID=26235031",A,B,298.0,-10.59774791132637,-11.9,src/bridging/generatedData/MD_datasets/PPB_Affinity_diverse100/4YEB/features/contact_distance_fp16.npy,True,True,True,True,-0.008002400398254395,-0.8948140740394592,-12.79481407403946
37,src/bridging/processedData/PPB_Affinity_diverse100.csv,test,2JCC,"2JCC:A, B, C, E, F::PMID=17825839","A, B, C","E, F",298.0,-6.562107407689519,-12.748,,False,True,True,False,,,
38,src/bridging/processedData/PPB_Affinity_diverse100.csv,test,4QRP,"4QRP:A, C, D, E::PMID=25355921","A, C","D, E",298.15,-7.647352550851931,-10.515,,False,True,True,False,,,
39,src/bridging/processedData/PPB_Affinity_diverse100.csv,train,3LQA,"3LQA:C, G, H, L::PMID=20357769","H, L","C, G",298.15,-7.907012001566485,-13.362,,False,True,True,False,,,
40,src/bridging/processedData/PPB_Affinity_diverse100.csv,train,4MNQ,"4MNQ:A, B, C, D, E::PMID=24196962","A, B, C","D, E",298.0,-11.861573254325593,-12.955,,False,True,True,False,,,
41,src/bridging/processedData/PPB_Affinity_diverse100.csv,test,3F1S,"3F1S:A, B::PMID=25713144",A,B,298.0,-11.832680359764444,-11.279,,False,True,True,False,,,
42,src/bridging/processedData/PPB_Affinity_diverse100.csv,train,1N8Z,"1N8Z:A, B, C::PMID=23527120","A, B",C,298.0,-12.112139388038049,-9.889,src/bridging/generatedData/MD_datasets/PPB_Affinity_diverse100/1N8Z/features/contact_distance_fp16.npy,True,True,True,True,-0.7166125774383545,-0.6439445614814758,-10.532944561481475
43,src/bridging/processedData/PPB_Affinity_diverse100.csv,train,3RU8,"3RU8:H, L, X::PMID=22021856","H, L",X,298.15,-10.197685294564753,-11.759,,False,True,True,False,,,
44,src/bridging/processedData/PPB_Affinity_diverse100.csv,train,2ESV,"2ESV:A, C, D, E:A_R107G:PMID=16474394","A, C","D, E",298.15,-6.166387027006203,-8.469,,False,True,True,False,,,
45,src/bridging/processedData/PPB_Affinity_diverse100.csv,train,4H1L,"4H1L:A, B, C, D, E::PMID=23091041","A, B, C","D, E",298.15,-6.025607879779269,-10.547,,False,True,True,False,,,
46,src/bridging/processedData/PPB_Affinity_diverse100.csv,train,4GNK,"4GNK:A, B::PMID=23377541",A,B,298.0,-9.078010503358625,-13.011,,False,True,True,False,,,
47,src/bridging/processedData/PPB_Affinity_diverse100.csv,train,3L95,"3L95:A, B, X::PMID=20393564","A, B",X,298.15,-11.735334649110499,-11.636,,False,True,True,False,,,
48,src/bridging/processedData/PPB_Affinity_diverse100.csv,test,3E3Q,"3E3Q:A, C, D, E::PMID=18941216","A, C","D, E",298.15,-9.461792471970652,-8.83,,False,True,True,False,,,
49,src/bridging/processedData/PPB_Affinity_diverse100.csv,train,4Z7W,"4Z7W:A, B, C, D, E::PMID=25948817","A, B, C","D, E",298.15,-7.745895367822682,-23.072,,False,True,True,False,,,
50,src/bridging/processedData/PPB_Affinity_diverse100.csv,train,3FKU,"3FKU:G, H, U, u::PMID=19234466","U, u","G, H",298.15,-13.487023252302674,-9.142,,False,True,True,False,,,
51,src/bridging/processedData/PPB_Affinity_diverse100.csv,test,3FFC,"3FFC:A, C, D, E:C_F1T:PMID=19167249","A, C","D, E",298.15,-5.046308779718658,-12.179,,False,True,True,False,,,
52,src/bridging/processedData/PPB_Affinity_diverse100.csv,train,3PL6,"3PL6:A, B, C, D, E:E_Y48A:PMID=21199956","A, B, C","D, E",298.15,-6.550217727675538,-28.343,,False,True,True,False,,,
53,src/bridging/processedData/PPB_Affinity_diverse100.csv,test,3B4V,"3B4V:A, B, C::PMID=22052913","A, B",C,298.0,-13.436352129652997,-13.553,,False,True,True,False,,,
54,src/bridging/processedData/PPB_Affinity_diverse100.csv,train,3KXF,"3KXF:A, C, D, E:A_Q155A, A_Q65A, A_T69A:PMID=20483993","A, C","D, E",298.15,-6.232748338386088,-11.788,,False,True,True,False,,,
55,src/bridging/processedData/PPB_Affinity_diverse100.csv,train,2AK4,"2AK4:A, B, C, D, E::PMID=22343629","A, B, C","D, E",298.0,-6.447130765385654,-11.107,,False,True,True,False,,,
56,src/bridging/processedData/PPB_Affinity_diverse100.csv,train,4MJI,"4MJI:A, C, D, E::PMID=24600035","A, C","D, E",298.15,-5.576014097000456,-14.807,,False,True,True,False,,,
57,src/bridging/processedData/PPB_Affinity_diverse100.csv,train,3O4L,"3O4L:A, C, D, E::PMID=21124993","A, C","D, E",298.15,-6.7811483342324825,-10.368,,False,True,True,False,,,
58,src/bridging/processedData/PPB_Affinity_diverse100.csv,test,1AHW,"1AHW:A, B, C::PMID=9480775","A, B",C,298.0,-11.54734217168636,-13.643,,False,True,True,False,,,
59,src/bridging/processedData/PPB_Affinity_diverse100.csv,train,4G9F,"4G9F:A, C, D, E:C_L6M:PMID=23521884","A, C","D, E",298.15,-8.129012231116855,-9.556,,False,True,True,False,,,
60,src/bridging/processedData/PPB_Affinity_diverse100.csv,test,2VLJ,"2VLJ:A, C, D, E:D_S31A:PMID=18275829","A, C","D, E",298.15,-6.5810030909830415,-10.814,,False,True,True,False,,,
61,src/bridging/processedData/PPB_Affinity_diverse100.csv,train,3UTT,"3UTT:A, C, D, E::PMID=20639478","A, C","D, E",298.15,-4.86850132535185,-10.13,,False,True,True,False,,,
62,src/bridging/processedData/PPB_Affinity_diverse100.csv,train,3U82,"3U82:A, B::PMID=25231300",A,B,298.0,-10.776342574983659,-11.704,,False,True,True,False,,,
63,src/bridging/processedData/PPB_Affinity_diverse100.csv,train,1SBB,"1SBB:A, B::PMID=9500785",A,B,298.0,-5.254988187659978,-8.51,,False,True,True,False,,,
64,src/bridging/processedData/PPB_Affinity_diverse100.csv,train,3NPS,"3NPS:A, B, C::PMID=17475279",A,"B, C",298.0,-13.843450495033132,-11.545,,False,True,True,False,,,
65,src/bridging/processedData/PPB_Affinity_diverse100.csv,test,1NCA,"1NCA:H, L, N::PMID=9692956",N,"H, L",298.0,-9.95539725765579,-10.175,,False,True,True,False,,,
66,src/bridging/processedData/PPB_Affinity_diverse100.csv,train,3QIW,"3QIW:A, B, C, D, E:C_K8E:PMID=21490152","A, B, C","D, E",298.15,-4.503420311521011,-28.527,,False,True,True,False,,,
67,src/bridging/processedData/PPB_Affinity_diverse100.csv,train,4O27,"4O27:A, B::PMID=24746913",A,B,298.0,-10.365869916319726,-9.779,,False,True,True,False,,,
68,src/bridging/processedData/PPB_Affinity_diverse100.csv,train,4YFD,"4YFD:A, B::PMID=25908590",A,B,298.0,-8.409748199024753,-14.85,,False,True,True,False,,,
69,src/bridging/processedData/PPB_Affinity_diverse100.csv,train,4JRY,"4JRY:A, C, D, E:A_R156L:PMID=23569211","A, C","D, E",298.15,-6.185324238755179,-12.789,,False,True,True,False,,,
70,src/bridging/processedData/PPB_Affinity_diverse100.csv,train,3VXM,"3VXM:A, C, D, E:C_F2Y:PMID=24192765","A, C","D, E",298.15,-6.038114622785394,-10.295,,False,True,True,False,,,
71,src/bridging/processedData/PPB_Affinity_diverse100.csv,test,3TPU,"3TPU:A, C, D, E::PMID=22301545","A, C","D, E",298.15,-5.891853741925798,-23.943,,False,True,True,False,,,
72,src/bridging/processedData/PPB_Affinity_diverse100.csv,train,1MWA,"1MWA:A, C, D, E::PMID=10755612","A, C","D, E",298.15,-5.559584890237866,-16.572,,False,True,True,False,,,
73,src/bridging/processedData/PPB_Affinity_diverse100.csv,train,4GG6,"4GG6:A, B, C, D, E::PMID=23063329","A, B, C","D, E",298.15,-6.743602791708252,-23.456,,False,True,True,False,,,
74,src/bridging/processedData/PPB_Affinity_diverse100.csv,train,3KPS,"3KPS:A, C, D, E:A_Y116D:PMID=20064448","A, C","D, E",298.15,-5.079825861575548,-11.679,,False,True,True,False,,,
75,src/bridging/processedData/PPB_Affinity_diverse100.csv,train,5D2L,"5D2L:A, C, D, E::PMID=26429912","A, C","D, E",298.15,-7.220181578951711,-16.015,,False,True,True,False,,,
76,src/bridging/processedData/PPB_Affinity_diverse100.csv,train,3VXS,"3VXS:A, C, D, E:C_F6L:PMID=24192765","A, C","D, E",298.15,-5.71404628755899,-8.815,,False,True,True,False,,,
77,src/bridging/processedData/PPB_Affinity_diverse100.csv,train,3QDJ,"3QDJ:A, B, C, D, E::PMID=24550723","A, B, C","D, E",298.0,-5.954030621516043,-10.922,,False,True,True,False,,,
78,src/bridging/processedData/PPB_Affinity_diverse100.csv,train,2NY7,"2NY7:G, H, L::PMID=17301785","H, L",G,298.0,-10.143389484659227,-12.566,,False,True,True,False,,,
79,src/bridging/processedData/PPB_Affinity_diverse100.csv,train,4P23,"4P23:A, B, C, D::PMID=22101158","C, D","A, B",298.0,-7.120307511775431,-10.492,,False,True,True,False,,,
80,src/bridging/processedData/PPB_Affinity_diverse100.csv,train,3HG1,"3HG1:A, B, C, D, E::PMID=24196962","A, B, C","D, E",298.0,-6.251961953998086,-12.707,,False,True,True,False,,,
81,src/bridging/processedData/PPB_Affinity_diverse100.csv,train,1BD2,"1BD2:A, B, C, D, E::PMID=23736024","A, B, C","D, E",298.0,-7.895677511112148,-11.102,,False,True,True,False,,,
82,src/bridging/processedData/PPB_Affinity_diverse100.csv,train,3H9S,"3H9S:A, B, C, D, E::PMID=20064447","A, B, C","D, E",298.0,-7.345795983725974,-12.596,,False,True,True,False,,,
83,src/bridging/processedData/PPB_Affinity_diverse100.csv,train,4PRI,"4PRI:A, C, D, E::PMID=24759101","A, C","D, E",298.15,-5.498712302354412,-11.471,,False,True,True,False,,,
84,src/bridging/processedData/PPB_Affinity_diverse100.csv,train,3BE1,"3BE1:A, H, L::PMID=19299620","H, L",A,298.0,-10.342643924994597,-9.492,,False,True,True,False,,,
85,src/bridging/processedData/PPB_Affinity_diverse100.csv,train,2VIR,"2VIR:A, B, C::PMID=9461077","A, B",C,298.0,-12.272045912989526,-10.947,,False,True,True,False,,,
86,src/bridging/processedData/PPB_Affinity_diverse100.csv,train,2WUB,"2WUB:C, Q, R::PMID=20004165","Q, R",C,298.15,-9.309497117051517,-12.069,,False,True,True,False,,,
87,src/bridging/processedData/PPB_Affinity_diverse100.csv,train,5CXB,"5CXB:A, B::PMID=26476442",A,B,298.0,-11.683855255327408,-12.609,,False,True,True,False,,,
88,src/bridging/processedData/PPB_Affinity_diverse100.csv,train,3IDX,"3IDX:G, H, L::PMID=17301785","H, L",G,298.0,-8.912378370153077,-9.036,,False,True,True,False,,,
89,src/bridging/processedData/PPB_Affinity_diverse100.csv,train,3C60,"3C60:A, B, C, D::PMID=22101158","C, D","A, B",298.0,-6.709834853111496,-8.898,,False,True,True,False,,,
90,src/bridging/processedData/PPB_Affinity_diverse100.csv,train,1OGA,"1OGA:A, B, C, D, E::PMID=18275829","A, B, C","D, E",298.0,-7.205049952332987,-11.312,,False,True,True,False,,,
91,src/bridging/processedData/PPB_Affinity_diverse100.csv,train,2F54,"2F54:A, C, D, E::PMID=16600963","A, C","D, E",298.15,-6.5810030909830415,-11.591,,False,True,True,False,,,
92,src/bridging/processedData/PPB_Affinity_diverse100.csv,train,1JPS,"1JPS:H, L, T::PMID=11307801","H, L",T,298.15,-13.642470130342385,-12.855,,False,True,True,False,,,
93,src/bridging/processedData/PPB_Affinity_diverse100.csv,test,1JCK,"1JCK:A, B::PMID=9500785",A,B,298.0,-7.530780170439367,-7.309,,False,True,True,False,,,
94,src/bridging/processedData/PPB_Affinity_diverse100.csv,train,4MYW,"4MYW:A, B::PMID=25231300",A,B,298.0,-10.525279213107783,-12.25,,False,True,True,False,,,
95,src/bridging/processedData/PPB_Affinity_diverse100.csv,train,3QIU,"3QIU:A, B, C, D, E:C_K8R:PMID=21490152","A, B, C","D, E",298.15,-6.404660371477721,-29.686,,False,True,True,False,,,
96,src/bridging/processedData/PPB_Affinity_diverse100.csv,test,4NZW,"4NZW:A, B::PMID=24746913",A,B,298.0,-8.58711795522015,-10.107,,False,True,True,False,,,
97,src/bridging/processedData/PPB_Affinity_diverse100.csv,train,3VXR,"3VXR:A, C, D, E:C_Y2F:PMID=24192765","A, C","D, E",298.15,-4.823106285751023,-9.019,,False,True,True,False,,,
98,src/bridging/processedData/PPB_Affinity_diverse100.csv,train,3TJH,"3TJH:A, C, D, E::PMID=22301545","A, C","D, E",298.15,-7.364123533368838,-21.412,,False,True,True,False,,,
99,src/bridging/processedData/PPB_Affinity_diverse100.csv,train,3KPR,"3KPR:A, C, D, E:A_Y116D:PMID=20064448","A, C","D, E",298.15,-8.03003520016572,-12.058,,False,True,True,False,,,
